This is pdfTeX, Version 3.141592653-2.6-1.40.24 (TeX Live 2022/Debian) (preloaded format=pdflatex 2025.2.22)  2 MAR 2026 13:51
entering extended mode
 restricted \write18 enabled.
 %&-line parsing enabled.
**notes_differentiability_2026.tex
(./notes_differentiability_2026.tex
LaTeX2e <2022-11-01> patch level 1
L3 programming layer <2023-01-16>
(/usr/share/texlive/texmf-dist/tex/latex/base/book.cls
Document Class: book 2022/07/02 v1.4n Standard LaTeX document class
(/usr/share/texlive/texmf-dist/tex/latex/base/bk10.clo
File: bk10.clo 2022/07/02 v1.4n Standard LaTeX file (size option)
)
\c@part=\count185
\c@chapter=\count186
\c@section=\count187
\c@subsection=\count188
\c@subsubsection=\count189
\c@paragraph=\count190
\c@subparagraph=\count191
\c@figure=\count192
\c@table=\count193
\abovecaptionskip=\skip48
\belowcaptionskip=\skip49
\bibindent=\dimen140
)
(/usr/share/texlive/texmf-dist/tex/generic/babel/babel.sty
Package: babel 2022/12/26 3.84 The Babel package
\babel@savecnt=\count194
\U@D=\dimen141
\l@unhyphenated=\language87

(/usr/share/texlive/texmf-dist/tex/generic/babel/txtbabel.def)
\bbl@readstream=\read2
\bbl@dirlevel=\count195

(/usr/share/texlive/texmf-dist/tex/generic/babel-english/english.ldf
Language: english 2017/06/06 v3.3r English support from the babel system
Package babel Info: Hyphen rules for 'canadian' set to \l@english
(babel)             (\language0). Reported on input line 102.
Package babel Info: Hyphen rules for 'australian' set to \l@ukenglish
(babel)             (\language47). Reported on input line 105.
Package babel Info: Hyphen rules for 'newzealand' set to \l@ukenglish
(babel)             (\language47). Reported on input line 108.
)
(/usr/share/texlive/texmf-dist/tex/generic/babel-greek/greek.ldf
Language: greek 2020/11/10 v1.10 Greek support for the babel system
\bbl@monogreek=\count196
\bbl@polygreek=\count197
\bbl@ancientgreek=\count198

(/usr/share/texlive/texmf-dist/tex/latex/greek-fontenc/lgrenc.def
File: lgrenc.def 2022/06/14 2.1 LGR Greek font encoding definitions
Now handling font encoding LGR ...
... processing UTF-8 mapping file for font encoding LGR

(/usr/share/texlive/texmf-dist/tex/latex/greek-inputenc/lgrenc.dfu
File: lgrenc.dfu 2019/07/11 1.7 UTF-8 support for Greek
   defining Unicode char U+00A8 (decimal 168)
   defining Unicode char U+00AB (decimal 171)
   defining Unicode char U+00AF (decimal 175)
   defining Unicode char U+00B4 (decimal 180)
   defining Unicode char U+00B7 (decimal 183)
   defining Unicode char U+00BB (decimal 187)
   defining Unicode char U+0259 (decimal 601)
   defining Unicode char U+02D8 (decimal 728)
   defining Unicode char U+0374 (decimal 884)
   defining Unicode char U+0375 (decimal 885)
   defining Unicode char U+037A (decimal 890)
   defining Unicode char U+037E (decimal 894)
   defining Unicode char U+0384 (decimal 900)
   defining Unicode char U+0385 (decimal 901)
   defining Unicode char U+0386 (decimal 902)
   defining Unicode char U+0387 (decimal 903)
   defining Unicode char U+0388 (decimal 904)
   defining Unicode char U+0389 (decimal 905)
   defining Unicode char U+038A (decimal 906)
   defining Unicode char U+038C (decimal 908)
   defining Unicode char U+038E (decimal 910)
   defining Unicode char U+038F (decimal 911)
   defining Unicode char U+0390 (decimal 912)
   defining Unicode char U+0391 (decimal 913)
   defining Unicode char U+0392 (decimal 914)
   defining Unicode char U+0393 (decimal 915)
   defining Unicode char U+0394 (decimal 916)
   defining Unicode char U+0395 (decimal 917)
   defining Unicode char U+0396 (decimal 918)
   defining Unicode char U+0397 (decimal 919)
   defining Unicode char U+0398 (decimal 920)
   defining Unicode char U+0399 (decimal 921)
   defining Unicode char U+039A (decimal 922)
   defining Unicode char U+039B (decimal 923)
   defining Unicode char U+039C (decimal 924)
   defining Unicode char U+039D (decimal 925)
   defining Unicode char U+039E (decimal 926)
   defining Unicode char U+039F (decimal 927)
   defining Unicode char U+03A0 (decimal 928)
   defining Unicode char U+03A1 (decimal 929)
   defining Unicode char U+03A3 (decimal 931)
   defining Unicode char U+03A4 (decimal 932)
   defining Unicode char U+03A5 (decimal 933)
   defining Unicode char U+03A6 (decimal 934)
   defining Unicode char U+03A7 (decimal 935)
   defining Unicode char U+03A8 (decimal 936)
   defining Unicode char U+03A9 (decimal 937)
   defining Unicode char U+03AA (decimal 938)
   defining Unicode char U+03AB (decimal 939)
   defining Unicode char U+03AC (decimal 940)
   defining Unicode char U+03AD (decimal 941)
   defining Unicode char U+03AE (decimal 942)
   defining Unicode char U+03AF (decimal 943)
   defining Unicode char U+03B0 (decimal 944)
   defining Unicode char U+03B1 (decimal 945)
   defining Unicode char U+03B2 (decimal 946)
   defining Unicode char U+03B3 (decimal 947)
   defining Unicode char U+03B4 (decimal 948)
   defining Unicode char U+03B5 (decimal 949)
   defining Unicode char U+03B6 (decimal 950)
   defining Unicode char U+03B7 (decimal 951)
   defining Unicode char U+03B8 (decimal 952)
   defining Unicode char U+03B9 (decimal 953)
   defining Unicode char U+03BA (decimal 954)
   defining Unicode char U+03BB (decimal 955)
   defining Unicode char U+03BC (decimal 956)
   defining Unicode char U+03BD (decimal 957)
   defining Unicode char U+03BE (decimal 958)
   defining Unicode char U+03BF (decimal 959)
   defining Unicode char U+03C0 (decimal 960)
   defining Unicode char U+03C1 (decimal 961)
   defining Unicode char U+03C2 (decimal 962)
   defining Unicode char U+03C3 (decimal 963)
   defining Unicode char U+03C4 (decimal 964)
   defining Unicode char U+03C5 (decimal 965)
   defining Unicode char U+03C6 (decimal 966)
   defining Unicode char U+03C7 (decimal 967)
   defining Unicode char U+03C8 (decimal 968)
   defining Unicode char U+03C9 (decimal 969)
   defining Unicode char U+03CA (decimal 970)
   defining Unicode char U+03CB (decimal 971)
   defining Unicode char U+03CC (decimal 972)
   defining Unicode char U+03CD (decimal 973)
   defining Unicode char U+03CE (decimal 974)
   defining Unicode char U+03D0 (decimal 976)
   defining Unicode char U+03D1 (decimal 977)
   defining Unicode char U+03D5 (decimal 981)
   defining Unicode char U+03D6 (decimal 982)
   defining Unicode char U+03D8 (decimal 984)
   defining Unicode char U+03D9 (decimal 985)
   defining Unicode char U+03DA (decimal 986)
   defining Unicode char U+03DB (decimal 987)
   defining Unicode char U+03DC (decimal 988)
   defining Unicode char U+03DD (decimal 989)
   defining Unicode char U+03DF (decimal 991)
   defining Unicode char U+03E0 (decimal 992)
   defining Unicode char U+03E1 (decimal 993)
   defining Unicode char U+03F0 (decimal 1008)
   defining Unicode char U+03F1 (decimal 1009)
   defining Unicode char U+03F4 (decimal 1012)
   defining Unicode char U+03F5 (decimal 1013)
   defining Unicode char U+1F00 (decimal 7936)
   defining Unicode char U+1F01 (decimal 7937)
   defining Unicode char U+1F02 (decimal 7938)
   defining Unicode char U+1F03 (decimal 7939)
   defining Unicode char U+1F04 (decimal 7940)
   defining Unicode char U+1F05 (decimal 7941)
   defining Unicode char U+1F06 (decimal 7942)
   defining Unicode char U+1F07 (decimal 7943)
   defining Unicode char U+1F08 (decimal 7944)
   defining Unicode char U+1F09 (decimal 7945)
   defining Unicode char U+1F0A (decimal 7946)
   defining Unicode char U+1F0B (decimal 7947)
   defining Unicode char U+1F0C (decimal 7948)
   defining Unicode char U+1F0D (decimal 7949)
   defining Unicode char U+1F0E (decimal 7950)
   defining Unicode char U+1F0F (decimal 7951)
   defining Unicode char U+1F10 (decimal 7952)
   defining Unicode char U+1F11 (decimal 7953)
   defining Unicode char U+1F12 (decimal 7954)
   defining Unicode char U+1F13 (decimal 7955)
   defining Unicode char U+1F14 (decimal 7956)
   defining Unicode char U+1F15 (decimal 7957)
   defining Unicode char U+1F18 (decimal 7960)
   defining Unicode char U+1F19 (decimal 7961)
   defining Unicode char U+1F1A (decimal 7962)
   defining Unicode char U+1F1B (decimal 7963)
   defining Unicode char U+1F1C (decimal 7964)
   defining Unicode char U+1F1D (decimal 7965)
   defining Unicode char U+1F20 (decimal 7968)
   defining Unicode char U+1F21 (decimal 7969)
   defining Unicode char U+1F22 (decimal 7970)
   defining Unicode char U+1F23 (decimal 7971)
   defining Unicode char U+1F24 (decimal 7972)
   defining Unicode char U+1F25 (decimal 7973)
   defining Unicode char U+1F26 (decimal 7974)
   defining Unicode char U+1F27 (decimal 7975)
   defining Unicode char U+1F28 (decimal 7976)
   defining Unicode char U+1F29 (decimal 7977)
   defining Unicode char U+1F2A (decimal 7978)
   defining Unicode char U+1F2B (decimal 7979)
   defining Unicode char U+1F2C (decimal 7980)
   defining Unicode char U+1F2D (decimal 7981)
   defining Unicode char U+1F2E (decimal 7982)
   defining Unicode char U+1F2F (decimal 7983)
   defining Unicode char U+1F30 (decimal 7984)
   defining Unicode char U+1F31 (decimal 7985)
   defining Unicode char U+1F32 (decimal 7986)
   defining Unicode char U+1F33 (decimal 7987)
   defining Unicode char U+1F34 (decimal 7988)
   defining Unicode char U+1F35 (decimal 7989)
   defining Unicode char U+1F36 (decimal 7990)
   defining Unicode char U+1F37 (decimal 7991)
   defining Unicode char U+1F38 (decimal 7992)
   defining Unicode char U+1F39 (decimal 7993)
   defining Unicode char U+1F3A (decimal 7994)
   defining Unicode char U+1F3B (decimal 7995)
   defining Unicode char U+1F3C (decimal 7996)
   defining Unicode char U+1F3D (decimal 7997)
   defining Unicode char U+1F3E (decimal 7998)
   defining Unicode char U+1F3F (decimal 7999)
   defining Unicode char U+1F40 (decimal 8000)
   defining Unicode char U+1F41 (decimal 8001)
   defining Unicode char U+1F42 (decimal 8002)
   defining Unicode char U+1F43 (decimal 8003)
   defining Unicode char U+1F44 (decimal 8004)
   defining Unicode char U+1F45 (decimal 8005)
   defining Unicode char U+1F48 (decimal 8008)
   defining Unicode char U+1F49 (decimal 8009)
   defining Unicode char U+1F4A (decimal 8010)
   defining Unicode char U+1F4B (decimal 8011)
   defining Unicode char U+1F4C (decimal 8012)
   defining Unicode char U+1F4D (decimal 8013)
   defining Unicode char U+1F50 (decimal 8016)
   defining Unicode char U+1F51 (decimal 8017)
   defining Unicode char U+1F52 (decimal 8018)
   defining Unicode char U+1F53 (decimal 8019)
   defining Unicode char U+1F54 (decimal 8020)
   defining Unicode char U+1F55 (decimal 8021)
   defining Unicode char U+1F56 (decimal 8022)
   defining Unicode char U+1F57 (decimal 8023)
   defining Unicode char U+1F59 (decimal 8025)
   defining Unicode char U+1F5B (decimal 8027)
   defining Unicode char U+1F5D (decimal 8029)
   defining Unicode char U+1F5F (decimal 8031)
   defining Unicode char U+1F60 (decimal 8032)
   defining Unicode char U+1F61 (decimal 8033)
   defining Unicode char U+1F62 (decimal 8034)
   defining Unicode char U+1F63 (decimal 8035)
   defining Unicode char U+1F64 (decimal 8036)
   defining Unicode char U+1F65 (decimal 8037)
   defining Unicode char U+1F66 (decimal 8038)
   defining Unicode char U+1F67 (decimal 8039)
   defining Unicode char U+1F68 (decimal 8040)
   defining Unicode char U+1F69 (decimal 8041)
   defining Unicode char U+1F6A (decimal 8042)
   defining Unicode char U+1F6B (decimal 8043)
   defining Unicode char U+1F6C (decimal 8044)
   defining Unicode char U+1F6D (decimal 8045)
   defining Unicode char U+1F6E (decimal 8046)
   defining Unicode char U+1F6F (decimal 8047)
   defining Unicode char U+1F70 (decimal 8048)
   defining Unicode char U+1F71 (decimal 8049)
   defining Unicode char U+1F72 (decimal 8050)
   defining Unicode char U+1F73 (decimal 8051)
   defining Unicode char U+1F74 (decimal 8052)
   defining Unicode char U+1F75 (decimal 8053)
   defining Unicode char U+1F76 (decimal 8054)
   defining Unicode char U+1F77 (decimal 8055)
   defining Unicode char U+1F78 (decimal 8056)
   defining Unicode char U+1F79 (decimal 8057)
   defining Unicode char U+1F7A (decimal 8058)
   defining Unicode char U+1F7B (decimal 8059)
   defining Unicode char U+1F7C (decimal 8060)
   defining Unicode char U+1F7D (decimal 8061)
   defining Unicode char U+1F80 (decimal 8064)
   defining Unicode char U+1F81 (decimal 8065)
   defining Unicode char U+1F82 (decimal 8066)
   defining Unicode char U+1F83 (decimal 8067)
   defining Unicode char U+1F84 (decimal 8068)
   defining Unicode char U+1F85 (decimal 8069)
   defining Unicode char U+1F86 (decimal 8070)
   defining Unicode char U+1F87 (decimal 8071)
   defining Unicode char U+1F88 (decimal 8072)
   defining Unicode char U+1F89 (decimal 8073)
   defining Unicode char U+1F8A (decimal 8074)
   defining Unicode char U+1F8B (decimal 8075)
   defining Unicode char U+1F8C (decimal 8076)
   defining Unicode char U+1F8D (decimal 8077)
   defining Unicode char U+1F8E (decimal 8078)
   defining Unicode char U+1F8F (decimal 8079)
   defining Unicode char U+1F90 (decimal 8080)
   defining Unicode char U+1F91 (decimal 8081)
   defining Unicode char U+1F92 (decimal 8082)
   defining Unicode char U+1F93 (decimal 8083)
   defining Unicode char U+1F94 (decimal 8084)
   defining Unicode char U+1F95 (decimal 8085)
   defining Unicode char U+1F96 (decimal 8086)
   defining Unicode char U+1F97 (decimal 8087)
   defining Unicode char U+1F98 (decimal 8088)
   defining Unicode char U+1F99 (decimal 8089)
   defining Unicode char U+1F9A (decimal 8090)
   defining Unicode char U+1F9B (decimal 8091)
   defining Unicode char U+1F9C (decimal 8092)
   defining Unicode char U+1F9D (decimal 8093)
   defining Unicode char U+1F9E (decimal 8094)
   defining Unicode char U+1F9F (decimal 8095)
   defining Unicode char U+1FA0 (decimal 8096)
   defining Unicode char U+1FA1 (decimal 8097)
   defining Unicode char U+1FA2 (decimal 8098)
   defining Unicode char U+1FA3 (decimal 8099)
   defining Unicode char U+1FA4 (decimal 8100)
   defining Unicode char U+1FA5 (decimal 8101)
   defining Unicode char U+1FA6 (decimal 8102)
   defining Unicode char U+1FA7 (decimal 8103)
   defining Unicode char U+1FA8 (decimal 8104)
   defining Unicode char U+1FA9 (decimal 8105)
   defining Unicode char U+1FAA (decimal 8106)
   defining Unicode char U+1FAB (decimal 8107)
   defining Unicode char U+1FAC (decimal 8108)
   defining Unicode char U+1FAD (decimal 8109)
   defining Unicode char U+1FAE (decimal 8110)
   defining Unicode char U+1FAF (decimal 8111)
   defining Unicode char U+1FB0 (decimal 8112)
   defining Unicode char U+1FB1 (decimal 8113)
   defining Unicode char U+1FB2 (decimal 8114)
   defining Unicode char U+1FB3 (decimal 8115)
   defining Unicode char U+1FB4 (decimal 8116)
   defining Unicode char U+1FB6 (decimal 8118)
   defining Unicode char U+1FB7 (decimal 8119)
   defining Unicode char U+1FB8 (decimal 8120)
   defining Unicode char U+1FB9 (decimal 8121)
   defining Unicode char U+1FBA (decimal 8122)
   defining Unicode char U+1FBB (decimal 8123)
   defining Unicode char U+1FBC (decimal 8124)
   defining Unicode char U+1FBD (decimal 8125)
   defining Unicode char U+1FBE (decimal 8126)
   defining Unicode char U+1FBF (decimal 8127)
   defining Unicode char U+1FC0 (decimal 8128)
   defining Unicode char U+1FC1 (decimal 8129)
   defining Unicode char U+1FC2 (decimal 8130)
   defining Unicode char U+1FC3 (decimal 8131)
   defining Unicode char U+1FC4 (decimal 8132)
   defining Unicode char U+1FC6 (decimal 8134)
   defining Unicode char U+1FC7 (decimal 8135)
   defining Unicode char U+1FC8 (decimal 8136)
   defining Unicode char U+1FC9 (decimal 8137)
   defining Unicode char U+1FCA (decimal 8138)
   defining Unicode char U+1FCB (decimal 8139)
   defining Unicode char U+1FCC (decimal 8140)
   defining Unicode char U+1FCD (decimal 8141)
   defining Unicode char U+1FCE (decimal 8142)
   defining Unicode char U+1FCF (decimal 8143)
   defining Unicode char U+1FD0 (decimal 8144)
   defining Unicode char U+1FD1 (decimal 8145)
   defining Unicode char U+1FD2 (decimal 8146)
   defining Unicode char U+1FD3 (decimal 8147)
   defining Unicode char U+1FD6 (decimal 8150)
   defining Unicode char U+1FD7 (decimal 8151)
   defining Unicode char U+1FD8 (decimal 8152)
   defining Unicode char U+1FD9 (decimal 8153)
   defining Unicode char U+1FDA (decimal 8154)
   defining Unicode char U+1FDB (decimal 8155)
   defining Unicode char U+1FDD (decimal 8157)
   defining Unicode char U+1FDE (decimal 8158)
   defining Unicode char U+1FDF (decimal 8159)
   defining Unicode char U+1FE0 (decimal 8160)
   defining Unicode char U+1FE1 (decimal 8161)
   defining Unicode char U+1FE2 (decimal 8162)
   defining Unicode char U+1FE3 (decimal 8163)
   defining Unicode char U+1FE4 (decimal 8164)
   defining Unicode char U+1FE5 (decimal 8165)
   defining Unicode char U+1FE6 (decimal 8166)
   defining Unicode char U+1FE7 (decimal 8167)
   defining Unicode char U+1FE8 (decimal 8168)
   defining Unicode char U+1FE9 (decimal 8169)
   defining Unicode char U+1FEA (decimal 8170)
   defining Unicode char U+1FEB (decimal 8171)
   defining Unicode char U+1FEC (decimal 8172)
   defining Unicode char U+1FED (decimal 8173)
   defining Unicode char U+1FEE (decimal 8174)
   defining Unicode char U+1FEF (decimal 8175)
   defining Unicode char U+1FF2 (decimal 8178)
   defining Unicode char U+1FF3 (decimal 8179)
   defining Unicode char U+1FF4 (decimal 8180)
   defining Unicode char U+1FF6 (decimal 8182)
   defining Unicode char U+1FF7 (decimal 8183)
   defining Unicode char U+1FF8 (decimal 8184)
   defining Unicode char U+1FF9 (decimal 8185)
   defining Unicode char U+1FFA (decimal 8186)
   defining Unicode char U+1FFB (decimal 8187)
   defining Unicode char U+1FFC (decimal 8188)
   defining Unicode char U+1FFD (decimal 8189)
   defining Unicode char U+1FFE (decimal 8190)
   defining Unicode char U+2013 (decimal 8211)
   defining Unicode char U+2014 (decimal 8212)
   defining Unicode char U+2018 (decimal 8216)
   defining Unicode char U+2019 (decimal 8217)
   defining Unicode char U+201A (decimal 8218)
   defining Unicode char U+2030 (decimal 8240)
   defining Unicode char U+2039 (decimal 8249)
   defining Unicode char U+203A (decimal 8250)
   defining Unicode char U+20AC (decimal 8364)
   defining Unicode char U+2126 (decimal 8486)
   defining Unicode char U+10144 (decimal 65860)
   defining Unicode char U+10145 (decimal 65861)
   defining Unicode char U+10146 (decimal 65862)
   defining Unicode char U+10147 (decimal 65863)
)
(/usr/share/texlive/texmf-dist/tex/latex/greek-fontenc/greek-fontenc.def
File: greek-fontenc.def 2020/10/30 2.0 Common Greek font encoding definitions
))
LaTeX Info: Redefining \& on input line 125.
))
(/usr/share/texlive/texmf-dist/tex/generic/babel/locale/el/babel-greek.tex
Package babel Info: Importing font and identification data for greek
(babel)             from babel-el.ini. Reported on input line 11.
)
(/usr/share/texlive/texmf-dist/tex/generic/babel/locale/en/babel-english.tex
Package babel Info: Importing font and identification data for english
(babel)             from babel-en.ini. Reported on input line 11.
)
(/usr/share/texlive/texmf-dist/tex/latex/base/inputenc.sty
Package: inputenc 2021/02/14 v1.3d Input encoding file
\inpenc@prehook=\toks16
\inpenc@posthook=\toks17

(/usr/share/texlive/texmf-dist/tex/latex/greek-inputenc/iso-8859-7.def
File: iso-8859-7.def 2019/01/08 v1.7 Greek input encoding file
))
(/usr/share/texlive/texmf-dist/tex/latex/xcolor/xcolor.sty
Package: xcolor 2022/06/12 v2.14 LaTeX color extensions (UK)

(/usr/share/texlive/texmf-dist/tex/latex/graphics-cfg/color.cfg
File: color.cfg 2016/01/02 v1.6 sample color configuration
)
Package xcolor Info: Driver file: pdftex.def on input line 227.

(/usr/share/texlive/texmf-dist/tex/latex/graphics-def/pdftex.def
File: pdftex.def 2022/09/22 v1.2b Graphics/color driver for pdftex
)
(/usr/share/texlive/texmf-dist/tex/latex/colortbl/colortbl.sty
Package: colortbl 2022/06/20 v1.0f Color table columns (DPC)

(/usr/share/texlive/texmf-dist/tex/latex/tools/array.sty
Package: array 2022/09/04 v2.5g Tabular extension package (FMi)
\col@sep=\dimen142
\ar@mcellbox=\box51
\extrarowheight=\dimen143
\NC@list=\toks18
\extratabsurround=\skip50
\backup@length=\skip51
\ar@cellbox=\box52
)
\everycr=\toks19
\minrowclearance=\skip52
\rownum=\count199
)
(/usr/share/texlive/texmf-dist/tex/latex/graphics/mathcolor.ltx)
Package xcolor Info: Model `cmy' substituted by `cmy0' on input line 1353.
Package xcolor Info: Model `hsb' substituted by `rgb' on input line 1357.
Package xcolor Info: Model `RGB' extended on input line 1369.
Package xcolor Info: Model `HTML' substituted by `rgb' on input line 1371.
Package xcolor Info: Model `Hsb' substituted by `hsb' on input line 1372.
Package xcolor Info: Model `tHsb' substituted by `hsb' on input line 1373.
Package xcolor Info: Model `HSB' substituted by `hsb' on input line 1374.
Package xcolor Info: Model `Gray' substituted by `gray' on input line 1375.
Package xcolor Info: Model `wave' substituted by `hsb' on input line 1376.
)
(/usr/share/texlive/texmf-dist/tex/latex/amscls/amsthm.sty
Package: amsthm 2020/05/29 v2.20.6
\thm@style=\toks20
\thm@bodyfont=\toks21
\thm@headfont=\toks22
\thm@notefont=\toks23
\thm@headpunct=\toks24
\thm@preskip=\skip53
\thm@postskip=\skip54
\thm@headsep=\skip55
\dth@everypar=\toks25
)
(/usr/share/texlive/texmf-dist/tex/latex/amsmath/amsmath.sty
Package: amsmath 2022/04/08 v2.17n AMS math features
\@mathmargin=\skip56

For additional information on amsmath, use the `?' option.
(/usr/share/texlive/texmf-dist/tex/latex/amsmath/amstext.sty
Package: amstext 2021/08/26 v2.01 AMS text

(/usr/share/texlive/texmf-dist/tex/latex/amsmath/amsgen.sty
File: amsgen.sty 1999/11/30 v2.0 generic functions
\@emptytoks=\toks26
\ex@=\dimen144
))
(/usr/share/texlive/texmf-dist/tex/latex/amsmath/amsbsy.sty
Package: amsbsy 1999/11/29 v1.2d Bold Symbols
\pmbraise@=\dimen145
)
(/usr/share/texlive/texmf-dist/tex/latex/amsmath/amsopn.sty
Package: amsopn 2022/04/08 v2.04 operator names
)
\inf@bad=\count266
LaTeX Info: Redefining \frac on input line 234.
\uproot@=\count267
\leftroot@=\count268
LaTeX Info: Redefining \overline on input line 399.
LaTeX Info: Redefining \colon on input line 410.
\classnum@=\count269
\DOTSCASE@=\count270
LaTeX Info: Redefining \ldots on input line 496.
LaTeX Info: Redefining \dots on input line 499.
LaTeX Info: Redefining \cdots on input line 620.
\Mathstrutbox@=\box53
\strutbox@=\box54
LaTeX Info: Redefining \big on input line 722.
LaTeX Info: Redefining \Big on input line 723.
LaTeX Info: Redefining \bigg on input line 724.
LaTeX Info: Redefining \Bigg on input line 725.
\big@size=\dimen146
LaTeX Font Info:    Redeclaring font encoding OML on input line 743.
LaTeX Font Info:    Redeclaring font encoding OMS on input line 744.
\macc@depth=\count271
LaTeX Info: Redefining \bmod on input line 905.
LaTeX Info: Redefining \pmod on input line 910.
LaTeX Info: Redefining \smash on input line 940.
LaTeX Info: Redefining \relbar on input line 970.
LaTeX Info: Redefining \Relbar on input line 971.
\c@MaxMatrixCols=\count272
\dotsspace@=\muskip16
\c@parentequation=\count273
\dspbrk@lvl=\count274
\tag@help=\toks27
\row@=\count275
\column@=\count276
\maxfields@=\count277
\andhelp@=\toks28
\eqnshift@=\dimen147
\alignsep@=\dimen148
\tagshift@=\dimen149
\tagwidth@=\dimen150
\totwidth@=\dimen151
\lineht@=\dimen152
\@envbody=\toks29
\multlinegap=\skip57
\multlinetaggap=\skip58
\mathdisplay@stack=\toks30
LaTeX Info: Redefining \[ on input line 2953.
LaTeX Info: Redefining \] on input line 2954.
)
(/usr/share/texlive/texmf-dist/tex/latex/amsfonts/amssymb.sty
Package: amssymb 2013/01/14 v3.01 AMS font symbols

(/usr/share/texlive/texmf-dist/tex/latex/amsfonts/amsfonts.sty
Package: amsfonts 2013/01/14 v3.01 Basic AMSFonts support
\symAMSa=\mathgroup4
\symAMSb=\mathgroup5
LaTeX Font Info:    Redeclaring math symbol \hbar on input line 98.
LaTeX Font Info:    Overwriting math alphabet `\mathfrak' in version `bold'
(Font)                  U/euf/m/n --> U/euf/b/n on input line 106.
))
(/usr/share/texlive/texmf-dist/tex/latex/graphics/graphicx.sty
Package: graphicx 2021/09/16 v1.2d Enhanced LaTeX Graphics (DPC,SPQR)

(/usr/share/texlive/texmf-dist/tex/latex/graphics/keyval.sty
Package: keyval 2022/05/29 v1.15 key=value parser (DPC)
\KV@toks@=\toks31
)
(/usr/share/texlive/texmf-dist/tex/latex/graphics/graphics.sty
Package: graphics 2022/03/10 v1.4e Standard LaTeX Graphics (DPC,SPQR)

(/usr/share/texlive/texmf-dist/tex/latex/graphics/trig.sty
Package: trig 2021/08/11 v1.11 sin cos tan (DPC)
)
(/usr/share/texlive/texmf-dist/tex/latex/graphics-cfg/graphics.cfg
File: graphics.cfg 2016/06/04 v1.11 sample graphics configuration
)
Package graphics Info: Driver file: pdftex.def on input line 107.
)
\Gin@req@height=\dimen153
\Gin@req@width=\dimen154
)
(/usr/share/texlive/texmf-dist/tex/latex/bbm-macros/bbm.sty
Package: bbm 1999/03/15 V 1.2 provides fonts for set symbols - TH
LaTeX Font Info:    Overwriting math alphabet `\mathbbm' in version `bold'
(Font)                  U/bbm/m/n --> U/bbm/bx/n on input line 33.
LaTeX Font Info:    Overwriting math alphabet `\mathbbmss' in version `bold'
(Font)                  U/bbmss/m/n --> U/bbmss/bx/n on input line 35.
)
(/usr/share/texlive/texmf-dist/tex/latex/mdframed/mdframed.sty
Package: mdframed 2013/07/01 1.9b: mdframed

(/usr/share/texlive/texmf-dist/tex/latex/kvoptions/kvoptions.sty
Package: kvoptions 2022-06-15 v3.15 Key value format for package options (HO)

(/usr/share/texlive/texmf-dist/tex/generic/ltxcmds/ltxcmds.sty
Package: ltxcmds 2020-05-10 v1.25 LaTeX kernel commands for general use (HO)
)
(/usr/share/texlive/texmf-dist/tex/latex/kvsetkeys/kvsetkeys.sty
Package: kvsetkeys 2022-10-05 v1.19 Key value parser (HO)
))
(/usr/share/texlive/texmf-dist/tex/latex/l3packages/xparse/xparse.sty
(/usr/share/texlive/texmf-dist/tex/latex/l3kernel/expl3.sty
Package: expl3 2023-01-16 L3 programming layer (loader) 

(/usr/share/texlive/texmf-dist/tex/latex/l3backend/l3backend-pdftex.def
File: l3backend-pdftex.def 2023-01-16 L3 backend support: PDF output (pdfTeX)
\l__color_backend_stack_int=\count278
\l__pdf_internal_box=\box55
))
Package: xparse 2023-01-16 L3 Experimental document command parser
)
(/usr/share/texlive/texmf-dist/tex/latex/etoolbox/etoolbox.sty
Package: etoolbox 2020/10/05 v2.5k e-TeX tools for LaTeX (JAW)
\etb@tempcnta=\count279
)
(/usr/share/texlive/texmf-dist/tex/latex/zref/zref-abspage.sty
Package: zref-abspage 2022-04-07 v2.34 Module abspage for zref (HO)

(/usr/share/texlive/texmf-dist/tex/latex/zref/zref-base.sty
Package: zref-base 2022-04-07 v2.34 Module base for zref (HO)

(/usr/share/texlive/texmf-dist/tex/generic/infwarerr/infwarerr.sty
Package: infwarerr 2019/12/03 v1.5 Providing info/warning/error messages (HO)
)
(/usr/share/texlive/texmf-dist/tex/generic/kvdefinekeys/kvdefinekeys.sty
Package: kvdefinekeys 2019-12-19 v1.6 Define keys (HO)
)
(/usr/share/texlive/texmf-dist/tex/generic/pdftexcmds/pdftexcmds.sty
Package: pdftexcmds 2020-06-27 v0.33 Utility functions of pdfTeX for LuaTeX (HO
)

(/usr/share/texlive/texmf-dist/tex/generic/iftex/iftex.sty
Package: iftex 2022/02/03 v1.0f TeX engine tests
)
Package pdftexcmds Info: \pdf@primitive is available.
Package pdftexcmds Info: \pdf@ifprimitive is available.
Package pdftexcmds Info: \pdfdraftmode found.
)
(/usr/share/texlive/texmf-dist/tex/generic/etexcmds/etexcmds.sty
Package: etexcmds 2019/12/15 v1.7 Avoid name clashes with e-TeX commands (HO)
)
(/usr/share/texlive/texmf-dist/tex/latex/auxhook/auxhook.sty
Package: auxhook 2019-12-17 v1.6 Hooks for auxiliary files (HO)
)
Package zref Info: New property list: main on input line 767.
Package zref Info: New property: default on input line 768.
Package zref Info: New property: page on input line 769.
)
(/usr/share/texlive/texmf-dist/tex/latex/base/atbegshi-ltx.sty
Package: atbegshi-ltx 2021/01/10 v1.0c Emulation of the original atbegshi
package with kernel methods
)
\c@abspage=\count280
Package zref Info: New property: abspage on input line 65.
)
(/usr/share/texlive/texmf-dist/tex/latex/needspace/needspace.sty
Package: needspace 2010/09/12 v1.3d reserve vertical space
)
\mdf@templength=\skip59
\c@mdf@globalstyle@cnt=\count281
\mdf@skipabove@length=\skip60
\mdf@skipbelow@length=\skip61
\mdf@leftmargin@length=\skip62
\mdf@rightmargin@length=\skip63
\mdf@innerleftmargin@length=\skip64
\mdf@innerrightmargin@length=\skip65
\mdf@innertopmargin@length=\skip66
\mdf@innerbottommargin@length=\skip67
\mdf@splittopskip@length=\skip68
\mdf@splitbottomskip@length=\skip69
\mdf@outermargin@length=\skip70
\mdf@innermargin@length=\skip71
\mdf@linewidth@length=\skip72
\mdf@innerlinewidth@length=\skip73
\mdf@middlelinewidth@length=\skip74
\mdf@outerlinewidth@length=\skip75
\mdf@roundcorner@length=\skip76
\mdf@footenotedistance@length=\skip77
\mdf@userdefinedwidth@length=\skip78
\mdf@needspace@length=\skip79
\mdf@frametitleaboveskip@length=\skip80
\mdf@frametitlebelowskip@length=\skip81
\mdf@frametitlerulewidth@length=\skip82
\mdf@frametitleleftmargin@length=\skip83
\mdf@frametitlerightmargin@length=\skip84
\mdf@shadowsize@length=\skip85
\mdf@extratopheight@length=\skip86
\mdf@subtitleabovelinewidth@length=\skip87
\mdf@subtitlebelowlinewidth@length=\skip88
\mdf@subtitleaboveskip@length=\skip89
\mdf@subtitlebelowskip@length=\skip90
\mdf@subtitleinneraboveskip@length=\skip91
\mdf@subtitleinnerbelowskip@length=\skip92
\mdf@subsubtitleabovelinewidth@length=\skip93
\mdf@subsubtitlebelowlinewidth@length=\skip94
\mdf@subsubtitleaboveskip@length=\skip95
\mdf@subsubtitlebelowskip@length=\skip96
\mdf@subsubtitleinneraboveskip@length=\skip97
\mdf@subsubtitleinnerbelowskip@length=\skip98

(/usr/share/texlive/texmf-dist/tex/latex/mdframed/md-frame-0.mdf
File: md-frame-0.mdf 2013/07/01\ 1.9b: md-frame-0
)
\mdf@frametitlebox=\box56
\mdf@footnotebox=\box57
\mdf@splitbox@one=\box58
\mdf@splitbox@two=\box59
\mdf@splitbox@save=\box60
\mdfsplitboxwidth=\skip99
\mdfsplitboxtotalwidth=\skip100
\mdfsplitboxheight=\skip101
\mdfsplitboxdepth=\skip102
\mdfsplitboxtotalheight=\skip103
\mdfframetitleboxwidth=\skip104
\mdfframetitleboxtotalwidth=\skip105
\mdfframetitleboxheight=\skip106
\mdfframetitleboxdepth=\skip107
\mdfframetitleboxtotalheight=\skip108
\mdffootnoteboxwidth=\skip109
\mdffootnoteboxtotalwidth=\skip110
\mdffootnoteboxheight=\skip111
\mdffootnoteboxdepth=\skip112
\mdffootnoteboxtotalheight=\skip113
\mdftotallinewidth=\skip114
\mdfboundingboxwidth=\skip115
\mdfboundingboxtotalwidth=\skip116
\mdfboundingboxheight=\skip117
\mdfboundingboxdepth=\skip118
\mdfboundingboxtotalheight=\skip119
\mdf@freevspace@length=\skip120
\mdf@horizontalwidthofbox@length=\skip121
\mdf@verticalmarginwhole@length=\skip122
\mdf@horizontalspaceofbox=\skip123
\mdfsubtitleheight=\skip124
\mdfsubsubtitleheight=\skip125
\c@mdfcountframes=\count282

****** mdframed patching \endmdf@trivlist

****** -- success******

\mdf@envdepth=\count283
\c@mdf@env@i=\count284
\c@mdf@env@ii=\count285
\c@mdf@zref@counter=\count286
Package zref Info: New property: mdf@pagevalue on input line 895.
)
(/usr/share/texlive/texmf-dist/tex/latex/extarrows/extarrows.sty
Package: extarrows 2020/03/12 v1.2.0 Some extensible arrows
)
(/usr/share/texlive/texmf-dist/tex/latex/float/float.sty
Package: float 2001/11/08 v1.3d Float enhancements (AL)
\c@float@type=\count287
\float@exts=\toks32
\float@box=\box61
\@float@everytoks=\toks33
\@floatcapt=\box62
)
(/usr/share/texlive/texmf-dist/tex/latex/pgf/frontendlayer/tikz.sty
(/usr/share/texlive/texmf-dist/tex/latex/pgf/basiclayer/pgf.sty
(/usr/share/texlive/texmf-dist/tex/latex/pgf/utilities/pgfrcs.sty
(/usr/share/texlive/texmf-dist/tex/generic/pgf/utilities/pgfutil-common.tex
\pgfutil@everybye=\toks34
\pgfutil@tempdima=\dimen155
\pgfutil@tempdimb=\dimen156
)
(/usr/share/texlive/texmf-dist/tex/generic/pgf/utilities/pgfutil-latex.def
\pgfutil@abb=\box63
)
(/usr/share/texlive/texmf-dist/tex/generic/pgf/utilities/pgfrcs.code.tex
(/usr/share/texlive/texmf-dist/tex/generic/pgf/pgf.revision.tex)
Package: pgfrcs 2023-01-15 v3.1.10 (3.1.10)
))
Package: pgf 2023-01-15 v3.1.10 (3.1.10)

(/usr/share/texlive/texmf-dist/tex/latex/pgf/basiclayer/pgfcore.sty
(/usr/share/texlive/texmf-dist/tex/latex/pgf/systemlayer/pgfsys.sty
(/usr/share/texlive/texmf-dist/tex/generic/pgf/systemlayer/pgfsys.code.tex
Package: pgfsys 2023-01-15 v3.1.10 (3.1.10)

(/usr/share/texlive/texmf-dist/tex/generic/pgf/utilities/pgfkeys.code.tex
\pgfkeys@pathtoks=\toks35
\pgfkeys@temptoks=\toks36

(/usr/share/texlive/texmf-dist/tex/generic/pgf/utilities/pgfkeyslibraryfiltered
.code.tex
\pgfkeys@tmptoks=\toks37
))
\pgf@x=\dimen157
\pgf@y=\dimen158
\pgf@xa=\dimen159
\pgf@ya=\dimen160
\pgf@xb=\dimen161
\pgf@yb=\dimen162
\pgf@xc=\dimen163
\pgf@yc=\dimen164
\pgf@xd=\dimen165
\pgf@yd=\dimen166
\w@pgf@writea=\write3
\r@pgf@reada=\read3
\c@pgf@counta=\count288
\c@pgf@countb=\count289
\c@pgf@countc=\count290
\c@pgf@countd=\count291
\t@pgf@toka=\toks38
\t@pgf@tokb=\toks39
\t@pgf@tokc=\toks40
\pgf@sys@id@count=\count292
 (/usr/share/texlive/texmf-dist/tex/generic/pgf/systemlayer/pgf.cfg
File: pgf.cfg 2023-01-15 v3.1.10 (3.1.10)
)
Driver file for pgf: pgfsys-pdftex.def
(/usr/share/texlive/texmf-dist/tex/generic/pgf/systemlayer/pgfsys-pdftex.def
File: pgfsys-pdftex.def 2023-01-15 v3.1.10 (3.1.10)

(/usr/share/texlive/texmf-dist/tex/generic/pgf/systemlayer/pgfsys-common-pdf.de
f
File: pgfsys-common-pdf.def 2023-01-15 v3.1.10 (3.1.10)
)))
(/usr/share/texlive/texmf-dist/tex/generic/pgf/systemlayer/pgfsyssoftpath.code.
tex
File: pgfsyssoftpath.code.tex 2023-01-15 v3.1.10 (3.1.10)
\pgfsyssoftpath@smallbuffer@items=\count293
\pgfsyssoftpath@bigbuffer@items=\count294
)
(/usr/share/texlive/texmf-dist/tex/generic/pgf/systemlayer/pgfsysprotocol.code.
tex
File: pgfsysprotocol.code.tex 2023-01-15 v3.1.10 (3.1.10)
))
(/usr/share/texlive/texmf-dist/tex/generic/pgf/basiclayer/pgfcore.code.tex
Package: pgfcore 2023-01-15 v3.1.10 (3.1.10)

(/usr/share/texlive/texmf-dist/tex/generic/pgf/math/pgfmath.code.tex
(/usr/share/texlive/texmf-dist/tex/generic/pgf/math/pgfmathutil.code.tex)
(/usr/share/texlive/texmf-dist/tex/generic/pgf/math/pgfmathparser.code.tex
\pgfmath@dimen=\dimen167
\pgfmath@count=\count295
\pgfmath@box=\box64
\pgfmath@toks=\toks41
\pgfmath@stack@operand=\toks42
\pgfmath@stack@operation=\toks43
)
(/usr/share/texlive/texmf-dist/tex/generic/pgf/math/pgfmathfunctions.code.tex)
(/usr/share/texlive/texmf-dist/tex/generic/pgf/math/pgfmathfunctions.basic.code
.tex)
(/usr/share/texlive/texmf-dist/tex/generic/pgf/math/pgfmathfunctions.trigonomet
ric.code.tex)
(/usr/share/texlive/texmf-dist/tex/generic/pgf/math/pgfmathfunctions.random.cod
e.tex)
(/usr/share/texlive/texmf-dist/tex/generic/pgf/math/pgfmathfunctions.comparison
.code.tex)
(/usr/share/texlive/texmf-dist/tex/generic/pgf/math/pgfmathfunctions.base.code.
tex)
(/usr/share/texlive/texmf-dist/tex/generic/pgf/math/pgfmathfunctions.round.code
.tex)
(/usr/share/texlive/texmf-dist/tex/generic/pgf/math/pgfmathfunctions.misc.code.
tex)
(/usr/share/texlive/texmf-dist/tex/generic/pgf/math/pgfmathfunctions.integerari
thmetics.code.tex)
(/usr/share/texlive/texmf-dist/tex/generic/pgf/math/pgfmathcalc.code.tex)
(/usr/share/texlive/texmf-dist/tex/generic/pgf/math/pgfmathfloat.code.tex
\c@pgfmathroundto@lastzeros=\count296
))
(/usr/share/texlive/texmf-dist/tex/generic/pgf/math/pgfint.code.tex)
(/usr/share/texlive/texmf-dist/tex/generic/pgf/basiclayer/pgfcorepoints.code.te
x
File: pgfcorepoints.code.tex 2023-01-15 v3.1.10 (3.1.10)
\pgf@picminx=\dimen168
\pgf@picmaxx=\dimen169
\pgf@picminy=\dimen170
\pgf@picmaxy=\dimen171
\pgf@pathminx=\dimen172
\pgf@pathmaxx=\dimen173
\pgf@pathminy=\dimen174
\pgf@pathmaxy=\dimen175
\pgf@xx=\dimen176
\pgf@xy=\dimen177
\pgf@yx=\dimen178
\pgf@yy=\dimen179
\pgf@zx=\dimen180
\pgf@zy=\dimen181
)
(/usr/share/texlive/texmf-dist/tex/generic/pgf/basiclayer/pgfcorepathconstruct.
code.tex
File: pgfcorepathconstruct.code.tex 2023-01-15 v3.1.10 (3.1.10)
\pgf@path@lastx=\dimen182
\pgf@path@lasty=\dimen183
)
(/usr/share/texlive/texmf-dist/tex/generic/pgf/basiclayer/pgfcorepathusage.code
.tex
File: pgfcorepathusage.code.tex 2023-01-15 v3.1.10 (3.1.10)
\pgf@shorten@end@additional=\dimen184
\pgf@shorten@start@additional=\dimen185
)
(/usr/share/texlive/texmf-dist/tex/generic/pgf/basiclayer/pgfcorescopes.code.te
x
File: pgfcorescopes.code.tex 2023-01-15 v3.1.10 (3.1.10)
\pgfpic=\box65
\pgf@hbox=\box66
\pgf@layerbox@main=\box67
\pgf@picture@serial@count=\count297
)
(/usr/share/texlive/texmf-dist/tex/generic/pgf/basiclayer/pgfcoregraphicstate.c
ode.tex
File: pgfcoregraphicstate.code.tex 2023-01-15 v3.1.10 (3.1.10)
\pgflinewidth=\dimen186
)
(/usr/share/texlive/texmf-dist/tex/generic/pgf/basiclayer/pgfcoretransformation
s.code.tex
File: pgfcoretransformations.code.tex 2023-01-15 v3.1.10 (3.1.10)
\pgf@pt@x=\dimen187
\pgf@pt@y=\dimen188
\pgf@pt@temp=\dimen189
)
(/usr/share/texlive/texmf-dist/tex/generic/pgf/basiclayer/pgfcorequick.code.tex
File: pgfcorequick.code.tex 2023-01-15 v3.1.10 (3.1.10)
)
(/usr/share/texlive/texmf-dist/tex/generic/pgf/basiclayer/pgfcoreobjects.code.t
ex
File: pgfcoreobjects.code.tex 2023-01-15 v3.1.10 (3.1.10)
)
(/usr/share/texlive/texmf-dist/tex/generic/pgf/basiclayer/pgfcorepathprocessing
.code.tex
File: pgfcorepathprocessing.code.tex 2023-01-15 v3.1.10 (3.1.10)
)
(/usr/share/texlive/texmf-dist/tex/generic/pgf/basiclayer/pgfcorearrows.code.te
x
File: pgfcorearrows.code.tex 2023-01-15 v3.1.10 (3.1.10)
\pgfarrowsep=\dimen190
)
(/usr/share/texlive/texmf-dist/tex/generic/pgf/basiclayer/pgfcoreshade.code.tex
File: pgfcoreshade.code.tex 2023-01-15 v3.1.10 (3.1.10)
\pgf@max=\dimen191
\pgf@sys@shading@range@num=\count298
\pgf@shadingcount=\count299
)
(/usr/share/texlive/texmf-dist/tex/generic/pgf/basiclayer/pgfcoreimage.code.tex
File: pgfcoreimage.code.tex 2023-01-15 v3.1.10 (3.1.10)
)
(/usr/share/texlive/texmf-dist/tex/generic/pgf/basiclayer/pgfcoreexternal.code.
tex
File: pgfcoreexternal.code.tex 2023-01-15 v3.1.10 (3.1.10)
\pgfexternal@startupbox=\box68
)
(/usr/share/texlive/texmf-dist/tex/generic/pgf/basiclayer/pgfcorelayers.code.te
x
File: pgfcorelayers.code.tex 2023-01-15 v3.1.10 (3.1.10)
)
(/usr/share/texlive/texmf-dist/tex/generic/pgf/basiclayer/pgfcoretransparency.c
ode.tex
File: pgfcoretransparency.code.tex 2023-01-15 v3.1.10 (3.1.10)
)
(/usr/share/texlive/texmf-dist/tex/generic/pgf/basiclayer/pgfcorepatterns.code.
tex
File: pgfcorepatterns.code.tex 2023-01-15 v3.1.10 (3.1.10)
)
(/usr/share/texlive/texmf-dist/tex/generic/pgf/basiclayer/pgfcorerdf.code.tex
File: pgfcorerdf.code.tex 2023-01-15 v3.1.10 (3.1.10)
)))
(/usr/share/texlive/texmf-dist/tex/generic/pgf/modules/pgfmoduleshapes.code.tex
File: pgfmoduleshapes.code.tex 2023-01-15 v3.1.10 (3.1.10)
\pgfnodeparttextbox=\box69
) (/usr/share/texlive/texmf-dist/tex/generic/pgf/modules/pgfmoduleplot.code.tex
File: pgfmoduleplot.code.tex 2023-01-15 v3.1.10 (3.1.10)
)
(/usr/share/texlive/texmf-dist/tex/latex/pgf/compatibility/pgfcomp-version-0-65
.sty
Package: pgfcomp-version-0-65 2023-01-15 v3.1.10 (3.1.10)
\pgf@nodesepstart=\dimen192
\pgf@nodesepend=\dimen193
)
(/usr/share/texlive/texmf-dist/tex/latex/pgf/compatibility/pgfcomp-version-1-18
.sty
Package: pgfcomp-version-1-18 2023-01-15 v3.1.10 (3.1.10)
)) (/usr/share/texlive/texmf-dist/tex/latex/pgf/utilities/pgffor.sty
(/usr/share/texlive/texmf-dist/tex/latex/pgf/utilities/pgfkeys.sty
(/usr/share/texlive/texmf-dist/tex/generic/pgf/utilities/pgfkeys.code.tex))
(/usr/share/texlive/texmf-dist/tex/latex/pgf/math/pgfmath.sty
(/usr/share/texlive/texmf-dist/tex/generic/pgf/math/pgfmath.code.tex))
(/usr/share/texlive/texmf-dist/tex/generic/pgf/utilities/pgffor.code.tex
Package: pgffor 2023-01-15 v3.1.10 (3.1.10)
\pgffor@iter=\dimen194
\pgffor@skip=\dimen195
\pgffor@stack=\toks44
\pgffor@toks=\toks45
))
(/usr/share/texlive/texmf-dist/tex/generic/pgf/frontendlayer/tikz/tikz.code.tex
Package: tikz 2023-01-15 v3.1.10 (3.1.10)

(/usr/share/texlive/texmf-dist/tex/generic/pgf/libraries/pgflibraryplothandlers
.code.tex
File: pgflibraryplothandlers.code.tex 2023-01-15 v3.1.10 (3.1.10)
\pgf@plot@mark@count=\count300
\pgfplotmarksize=\dimen196
)
\tikz@lastx=\dimen197
\tikz@lasty=\dimen198
\tikz@lastxsaved=\dimen199
\tikz@lastysaved=\dimen256
\tikz@lastmovetox=\dimen257
\tikz@lastmovetoy=\dimen258
\tikzleveldistance=\dimen259
\tikzsiblingdistance=\dimen260
\tikz@figbox=\box70
\tikz@figbox@bg=\box71
\tikz@tempbox=\box72
\tikz@tempbox@bg=\box73
\tikztreelevel=\count301
\tikznumberofchildren=\count302
\tikznumberofcurrentchild=\count303
\tikz@fig@count=\count304

(/usr/share/texlive/texmf-dist/tex/generic/pgf/modules/pgfmodulematrix.code.tex
File: pgfmodulematrix.code.tex 2023-01-15 v3.1.10 (3.1.10)
\pgfmatrixcurrentrow=\count305
\pgfmatrixcurrentcolumn=\count306
\pgf@matrix@numberofcolumns=\count307
)
\tikz@expandcount=\count308

(/usr/share/texlive/texmf-dist/tex/generic/pgf/frontendlayer/tikz/libraries/tik
zlibrarytopaths.code.tex
File: tikzlibrarytopaths.code.tex 2023-01-15 v3.1.10 (3.1.10)
)))
(/usr/share/texlive/texmf-dist/tex/latex/caption/subcaption.sty
Package: subcaption 2022/01/07 v1.5 Sub-captions (AR)

(/usr/share/texlive/texmf-dist/tex/latex/caption/caption.sty
Package: caption 2022/03/01 v3.6b Customizing captions (AR)

(/usr/share/texlive/texmf-dist/tex/latex/caption/caption3.sty
Package: caption3 2022/03/17 v2.3b caption3 kernel (AR)
\caption@tempdima=\dimen261
\captionmargin=\dimen262
\caption@leftmargin=\dimen263
\caption@rightmargin=\dimen264
\caption@width=\dimen265
\caption@indent=\dimen266
\caption@parindent=\dimen267
\caption@hangindent=\dimen268
Package caption Info: Standard document class detected.
)
\c@caption@flags=\count309
\c@continuedfloat=\count310
Package caption Info: float package is loaded.
)
\c@subfigure=\count311
\c@subtable=\count312
)
(/usr/share/texlive/texmf-dist/tex/latex/base/ifthen.sty
Package: ifthen 2022/04/13 v1.1d Standard LaTeX ifthen package (DPC)
)
(/usr/share/texlive/texmf-dist/tex/latex/booktabs/booktabs.sty
Package: booktabs 2020/01/12 v1.61803398 Publication quality tables
\heavyrulewidth=\dimen269
\lightrulewidth=\dimen270
\cmidrulewidth=\dimen271
\belowrulesep=\dimen272
\belowbottomsep=\dimen273
\aboverulesep=\dimen274
\abovetopsep=\dimen275
\cmidrulesep=\dimen276
\cmidrulekern=\dimen277
\defaultaddspace=\dimen278
\@cmidla=\count313
\@cmidlb=\count314
\@aboverulesep=\dimen279
\@belowrulesep=\dimen280
\@thisruleclass=\count315
\@lastruleclass=\count316
\@thisrulewidth=\dimen281
)
(/usr/share/texlive/texmf-dist/tex/latex/tools/hhline.sty
Package: hhline 2020/01/04 v2.04 Table rule package (DPC)
)
(/usr/share/texlive/texmf-dist/tex/latex/tools/multicol.sty
Package: multicol 2021/11/30 v1.9d multicolumn formatting (FMi)
\c@tracingmulticols=\count317
\mult@box=\box74
\multicol@leftmargin=\dimen282
\c@unbalance=\count318
\c@collectmore=\count319
\doublecol@number=\count320
\multicoltolerance=\count321
\multicolpretolerance=\count322
\full@width=\dimen283
\page@free=\dimen284
\premulticols=\dimen285
\postmulticols=\dimen286
\multicolsep=\skip126
\multicolbaselineskip=\skip127
\partial@page=\box75
\last@line=\box76
\maxbalancingoverflow=\dimen287
\mult@rightbox=\box77
\mult@grightbox=\box78
\mult@firstbox=\box79
\mult@gfirstbox=\box80
\@tempa=\box81
\@tempa=\box82
\@tempa=\box83
\@tempa=\box84
\@tempa=\box85
\@tempa=\box86
\@tempa=\box87
\@tempa=\box88
\@tempa=\box89
\@tempa=\box90
\@tempa=\box91
\@tempa=\box92
\@tempa=\box93
\@tempa=\box94
\@tempa=\box95
\@tempa=\box96
\@tempa=\box97
\@tempa=\box98
\@tempa=\box99
\@tempa=\box100
\@tempa=\box101
\@tempa=\box102
\@tempa=\box103
\@tempa=\box104
\@tempa=\box105
\@tempa=\box106
\@tempa=\box107
\@tempa=\box108
\@tempa=\box109
\@tempa=\box110
\@tempa=\box111
\@tempa=\box112
\@tempa=\box113
\@tempa=\box114
\@tempa=\box115
\@tempa=\box116
\c@minrows=\count323
\c@columnbadness=\count324
\c@finalcolumnbadness=\count325
\last@try=\dimen288
\multicolovershoot=\dimen289
\multicolundershoot=\dimen290
\mult@nat@firstbox=\box117
\colbreak@box=\box118
\mc@col@check@num=\count326
)
(/usr/share/texlive/texmf-dist/tex/latex/hyperref/hyperref.sty
Package: hyperref 2022-11-13 v7.00u Hypertext links for LaTeX

(/usr/share/texlive/texmf-dist/tex/generic/pdfescape/pdfescape.sty
Package: pdfescape 2019/12/09 v1.15 Implements pdfTeX's escape features (HO)
)
(/usr/share/texlive/texmf-dist/tex/latex/hycolor/hycolor.sty
Package: hycolor 2020-01-27 v1.10 Color options for hyperref/bookmark (HO)
)
(/usr/share/texlive/texmf-dist/tex/latex/letltxmacro/letltxmacro.sty
Package: letltxmacro 2019/12/03 v1.6 Let assignment for LaTeX macros (HO)
)
(/usr/share/texlive/texmf-dist/tex/latex/hyperref/nameref.sty
Package: nameref 2022-05-17 v2.50 Cross-referencing by name of section

(/usr/share/texlive/texmf-dist/tex/latex/refcount/refcount.sty
Package: refcount 2019/12/15 v3.6 Data extraction from label references (HO)
)
(/usr/share/texlive/texmf-dist/tex/generic/gettitlestring/gettitlestring.sty
Package: gettitlestring 2019/12/15 v1.6 Cleanup title references (HO)
)
\c@section@level=\count327
)
\@linkdim=\dimen291
\Hy@linkcounter=\count328
\Hy@pagecounter=\count329

(/usr/share/texlive/texmf-dist/tex/latex/hyperref/pd1enc.def
File: pd1enc.def 2022-11-13 v7.00u Hyperref: PDFDocEncoding definition (HO)
Now handling font encoding PD1 ...
... no UTF-8 mapping file for font encoding PD1
)
(/usr/share/texlive/texmf-dist/tex/generic/intcalc/intcalc.sty
Package: intcalc 2019/12/15 v1.3 Expandable calculations with integers (HO)
)
\Hy@SavedSpaceFactor=\count330

(/usr/share/texlive/texmf-dist/tex/latex/hyperref/puenc.def
File: puenc.def 2022-11-13 v7.00u Hyperref: PDF Unicode definition (HO)
Now handling font encoding PU ...
... no UTF-8 mapping file for font encoding PU

(/usr/share/texlive/texmf-dist/tex/latex/hyperref/puenc-greekbasic.def
File: puenc-greekbasic.def 2022-11-13 v7.00u Hyperref: PDF Unicode definition (
greek block) (HO)
))
Package hyperref Info: Hyper figures OFF on input line 4162.
Package hyperref Info: Link nesting OFF on input line 4167.
Package hyperref Info: Hyper index ON on input line 4170.
Package hyperref Info: Plain pages OFF on input line 4177.
Package hyperref Info: Backreferencing OFF on input line 4182.
Package hyperref Info: Implicit mode ON; LaTeX internals redefined.
Package hyperref Info: Bookmarks ON on input line 4410.
\c@Hy@tempcnt=\count331

(/usr/share/texlive/texmf-dist/tex/latex/url/url.sty
\Urlmuskip=\muskip17
Package: url 2013/09/16  ver 3.4  Verb mode for urls, etc.
)
LaTeX Info: Redefining \url on input line 4748.
\XeTeXLinkMargin=\dimen292

(/usr/share/texlive/texmf-dist/tex/generic/bitset/bitset.sty
Package: bitset 2019/12/09 v1.3 Handle bit-vector datatype (HO)

(/usr/share/texlive/texmf-dist/tex/generic/bigintcalc/bigintcalc.sty
Package: bigintcalc 2019/12/15 v1.5 Expandable calculations on big integers (HO
)
))
\Fld@menulength=\count332
\Field@Width=\dimen293
\Fld@charsize=\dimen294
Package hyperref Info: Hyper figures OFF on input line 6027.
Package hyperref Info: Link nesting OFF on input line 6032.
Package hyperref Info: Hyper index ON on input line 6035.
Package hyperref Info: backreferencing OFF on input line 6042.
Package hyperref Info: Link coloring OFF on input line 6047.
Package hyperref Info: Link coloring with OCG OFF on input line 6052.
Package hyperref Info: PDF/A mode OFF on input line 6057.
\Hy@abspage=\count333
\c@Item=\count334
\c@Hfootnote=\count335
)
Package hyperref Info: Driver (autodetected): hpdftex.

(/usr/share/texlive/texmf-dist/tex/latex/hyperref/hpdftex.def
File: hpdftex.def 2022-11-13 v7.00u Hyperref driver for pdfTeX

(/usr/share/texlive/texmf-dist/tex/latex/base/atveryend-ltx.sty
Package: atveryend-ltx 2020/08/19 v1.0a Emulation of the original atveryend pac
kage
with kernel methods
)
\HyAnn@Count=\count336
\Fld@listcount=\count337
\c@bookmark@seq@number=\count338

(/usr/share/texlive/texmf-dist/tex/latex/rerunfilecheck/rerunfilecheck.sty
Package: rerunfilecheck 2022-07-10 v1.10 Rerun checks for auxiliary files (HO)

(/usr/share/texlive/texmf-dist/tex/generic/uniquecounter/uniquecounter.sty
Package: uniquecounter 2019/12/15 v1.4 Provide unlimited unique counter (HO)
)
Package uniquecounter Info: New unique counter `rerunfilecheck' on input line 2
85.
)
\Hy@SectionHShift=\skip128
)
(/usr/share/texlive/texmf-dist/tex/latex/geometry/geometry.sty
Package: geometry 2020/01/02 v5.9 Page Geometry

(/usr/share/texlive/texmf-dist/tex/generic/iftex/ifvtex.sty
Package: ifvtex 2019/10/25 v1.7 ifvtex legacy package. Use iftex instead.
)
\Gm@cnth=\count339
\Gm@cntv=\count340
\c@Gm@tempcnt=\count341
\Gm@bindingoffset=\dimen295
\Gm@wd@mp=\dimen296
\Gm@odd@mp=\dimen297
\Gm@even@mp=\dimen298
\Gm@layoutwidth=\dimen299
\Gm@layoutheight=\dimen300
\Gm@layouthoffset=\dimen301
\Gm@layoutvoffset=\dimen302
\Gm@dimlist=\toks46
)
(/usr/share/texlive/texmf-dist/tex/latex/enumitem/enumitem.sty
Package: enumitem 2019/06/20 v3.9 Customized lists
\labelindent=\skip129
\enit@outerparindent=\dimen303
\enit@toks=\toks47
\enit@inbox=\box119
\enit@count@id=\count342
\enitdp@description=\count343
)
(/usr/share/texlive/texmf-dist/tex/latex/pdfpages/pdfpages.sty
Package: pdfpages 2022/12/19 v0.5x Insert pages of external PDF documents (AM)

(/usr/share/texlive/texmf-dist/tex/latex/tools/calc.sty
Package: calc 2017/05/25 v4.3 Infix arithmetic (KKT,FJ)
\calc@Acount=\count344
\calc@Bcount=\count345
\calc@Adimen=\dimen304
\calc@Bdimen=\dimen305
\calc@Askip=\skip130
\calc@Bskip=\skip131
LaTeX Info: Redefining \setlength on input line 80.
LaTeX Info: Redefining \addtolength on input line 81.
\calc@Ccount=\count346
\calc@Cskip=\skip132
)
(/usr/share/texlive/texmf-dist/tex/latex/eso-pic/eso-pic.sty
Package: eso-pic 2020/10/14 v3.0a eso-pic (RN)
\ESO@tempdima=\dimen306
\ESO@tempdimb=\dimen307
)
\AM@pagewidth=\dimen308
\AM@pageheight=\dimen309
\AM@fboxrule=\dimen310

(/usr/share/texlive/texmf-dist/tex/latex/pdfpages/pppdftex.def
File: pppdftex.def 2022/12/19 v0.5x Pdfpages driver for pdfTeX (AM)
)
\pdfpages@includegraphics@status=\count347
\AM@pagebox=\box120
\AM@global@opts=\toks48
\AM@pagecnt=\count348
\AM@toc@title=\toks49
\AM@lof@heading=\toks50
\c@AM@survey=\count349
\AM@templatesizebox=\box121
)
(/usr/share/texlive/texmf-dist/tex/latex/contour/contour.sty
Package: contour 2004/11/18 v2.14 Print contoured text (HH, MH)
\con@length=\skip133

Loading configuration file `contour.cfg'.
(/usr/share/texlive/texmf-dist/tex/latex/contour/contour.cfg
File: contour.cfg 2004/11/18 v2.14 Print contoured text (HH, MH)
)
contour: Using driver file `pdftex.cnt'.
(/usr/share/texlive/texmf-dist/tex/latex/contour/pdftex.cnt
File: pdftex.cnt 2004/11/18 v2.14 Print contoured text (HH, MH)
))
(/usr/share/texlive/texmf-dist/tex/latex/base/fontenc.sty
Package: fontenc 2021/04/29 v2.0v Standard LaTeX package
)
(/usr/share/texlive/texmf-dist/tex/latex/libertinus/libertinus.sty
Package: libertinus 2020/05/06 v. 0.02 (Herbert Voss) Supports libertinus fonts
 for pdflatex/lualatex/xelatex

(/usr/share/texlive/texmf-dist/tex/latex/xkeyval/xkeyval.sty
Package: xkeyval 2022/06/16 v2.9 package option processing (HA)

(/usr/share/texlive/texmf-dist/tex/generic/xkeyval/xkeyval.tex
(/usr/share/texlive/texmf-dist/tex/generic/xkeyval/xkvutils.tex
\XKV@toks=\toks51
\XKV@tempa@toks=\toks52
)
\XKV@depth=\count350
File: xkeyval.tex 2014/12/03 v2.7a key=value parser (HA)
))
(/usr/share/texlive/texmf-dist/tex/latex/libertinus-type1/libertinus-type1.sty
Package: libertinus-type1 2021/02/14 (Bob Tennent) Supports libertinus fonts fo
r latex/pdflatex.

(/usr/share/texlive/texmf-dist/tex/generic/iftex/ifxetex.sty
Package: ifxetex 2019/10/25 v0.7 ifxetex legacy package. Use iftex instead.
)
(/usr/share/texlive/texmf-dist/tex/generic/iftex/ifluatex.sty
Package: ifluatex 2019/10/25 v1.5 ifluatex legacy package. Use iftex instead.
)
(/usr/share/texlive/texmf-dist/tex/latex/base/textcomp.sty
Package: textcomp 2020/02/02 v2.0n Standard LaTeX package
)
(/usr/share/texlive/texmf-dist/tex/latex/base/fontenc.sty
Package: fontenc 2021/04/29 v2.0v Standard LaTeX package
)
(/usr/share/texlive/texmf-dist/tex/latex/fontaxes/fontaxes.sty
Package: fontaxes 2020/07/21 v1.0e Font selection axes
LaTeX Info: Redefining \upshape on input line 29.
LaTeX Info: Redefining \itshape on input line 31.
LaTeX Info: Redefining \slshape on input line 33.
LaTeX Info: Redefining \swshape on input line 35.
LaTeX Info: Redefining \scshape on input line 37.
LaTeX Info: Redefining \sscshape on input line 39.
LaTeX Info: Redefining \ulcshape on input line 41.
LaTeX Info: Redefining \textsw on input line 47.
LaTeX Info: Redefining \textssc on input line 48.
LaTeX Info: Redefining \textulc on input line 49.
)))
(/usr/share/texlive/texmf-dist/tex/latex/libertinust1math/libertinust1math.sty
Package: libertinust1math 2022/01/05 v2.0.1---latex support for LibertinusT1Mat
h (msharpe)

amsthm NOT loaded
Now handling font encoding LS1 ...
... no UTF-8 mapping file for font encoding LS1
Now handling font encoding LS2 ...
... no UTF-8 mapping file for font encoding LS2
LaTeX Font Info:    Redeclaring symbol font `letters' on input line 85.
LaTeX Font Info:    Encoding `OML' has changed to `LS1' for symbol font
(Font)              `letters' in the math version `normal' on input line 85.
LaTeX Font Info:    Overwriting symbol font `letters' in version `normal'
(Font)                  OML/cmm/m/it --> LS1/libertinust1math/m/it on input lin
e 85.
LaTeX Font Info:    Encoding `OML' has changed to `LS1' for symbol font
(Font)              `letters' in the math version `bold' on input line 85.
LaTeX Font Info:    Overwriting symbol font `letters' in version `bold'
(Font)                  OML/cmm/b/it --> LS1/libertinust1math/m/it on input lin
e 85.
LaTeX Font Info:    Redeclaring symbol font `operators' on input line 86.
LaTeX Font Info:    Encoding `OT1' has changed to `LS1' for symbol font
(Font)              `operators' in the math version `normal' on input line 86.
LaTeX Font Info:    Overwriting symbol font `operators' in version `normal'
(Font)                  OT1/cmr/m/n --> LS1/libertinust1math/m/n on input line 
86.
LaTeX Font Info:    Encoding `OT1' has changed to `LS1' for symbol font
(Font)              `operators' in the math version `bold' on input line 86.
LaTeX Font Info:    Overwriting symbol font `operators' in version `bold'
(Font)                  OT1/cmr/bx/n --> LS1/libertinust1math/m/n on input line
 86.
\symsymbolsbb=\mathgroup6
LaTeX Font Info:    Redeclaring symbol font `symbols' on input line 88.
LaTeX Font Info:    Encoding `OMS' has changed to `LS2' for symbol font
(Font)              `symbols' in the math version `normal' on input line 88.
LaTeX Font Info:    Overwriting symbol font `symbols' in version `normal'
(Font)                  OMS/cmsy/m/n --> LS2/libertinust1mathsym/m/n on input l
ine 88.
LaTeX Font Info:    Encoding `OMS' has changed to `LS2' for symbol font
(Font)              `symbols' in the math version `bold' on input line 88.
LaTeX Font Info:    Overwriting symbol font `symbols' in version `bold'
(Font)                  OMS/cmsy/b/n --> LS2/libertinust1mathsym/m/n on input l
ine 88.
LaTeX Font Info:    Redeclaring symbol font `largesymbols' on input line 89.
LaTeX Font Info:    Encoding `OMX' has changed to `LS2' for symbol font
(Font)              `largesymbols' in the math version `normal' on input line 8
9.
LaTeX Font Info:    Overwriting symbol font `largesymbols' in version `normal'
(Font)                  OMX/cmex/m/n --> LS2/libertinust1mathex/m/n on input li
ne 89.
LaTeX Font Info:    Encoding `OMX' has changed to `LS2' for symbol font
(Font)              `largesymbols' in the math version `bold' on input line 89.

LaTeX Font Info:    Overwriting symbol font `largesymbols' in version `bold'
(Font)                  OMX/cmex/m/n --> LS2/libertinust1mathex/m/n on input li
ne 89.
LaTeX Font Info:    Redeclaring math alphabet \mathsf on input line 90.
LaTeX Font Info:    Overwriting math alphabet `\mathsf' in version `normal'
(Font)                  OT1/cmss/m/n --> LS1/libertinust1mathsf/m/n on input li
ne 90.
LaTeX Font Info:    Overwriting math alphabet `\mathsf' in version `bold'
(Font)                  OT1/cmss/bx/n --> LS1/libertinust1mathsf/m/n on input l
ine 90.
LaTeX Font Info:    Redeclaring math alphabet \mathsfbf on input line 99.
LaTeX Font Info:    Overwriting math alphabet `\mathsfbf' in version `normal'
(Font)                  LS1/libertinust1mathsf/b/n --> LS1/libertinust1mathsf/b
/n on input line 99.
LaTeX Font Info:    Overwriting math alphabet `\mathsfbf' in version `bold'
(Font)                  LS1/libertinust1mathsf/b/n --> LS1/libertinust1mathsf/b
/n on input line 99.
LaTeX Font Info:    Overwriting symbol font `letters' in version `bold'
(Font)                  LS1/libertinust1math/m/it --> LS1/libertinust1math/b/it
 on input line 101.
LaTeX Font Info:    Overwriting symbol font `operators' in version `bold'
(Font)                  LS1/libertinust1math/m/n --> LS1/libertinust1math/b/n o
n input line 102.
\symbold-operators=\mathgroup7
\symbold-letters=\mathgroup8
LaTeX Font Info:    Redeclaring math alphabet \mathit on input line 105.
LaTeX Font Info:    Redeclaring math alphabet \mathbf on input line 107.
LaTeX Font Info:    Overwriting math alphabet `\mathsf' in version `bold'
(Font)                  LS1/libertinust1mathsf/m/n --> LS1/libertinust1mathsf/b
/n on input line 135.
LaTeX Font Info:    Redeclaring math alphabet \mathcal on input line 147.
LaTeX Font Info:    Overwriting math alphabet `\mathcal' in version `bold'
(Font)                  U/stixcal/m/n --> U/stixcal/b/n on input line 148.
\tx@tA=\toks53
\tx@tB=\toks54
\tx@su=\read4
\tx@sbptoks=\toks55
LaTeX Info: Redefining \checkmark on input line 739.
LaTeX Font Info:    Redeclaring math accent \grave on input line 813.
LaTeX Font Info:    Redeclaring math accent \acute on input line 814.
LaTeX Font Info:    Redeclaring math accent \hat on input line 815.
LaTeX Font Info:    Redeclaring math accent \tilde on input line 816.
LaTeX Font Info:    Redeclaring math accent \bar on input line 817.
LaTeX Font Info:    Redeclaring math accent \breve on input line 818.
LaTeX Font Info:    Redeclaring math accent \dot on input line 819.
LaTeX Font Info:    Redeclaring math accent \ddot on input line 820.
LaTeX Font Info:    Redeclaring math accent \mathring on input line 822.
LaTeX Font Info:    Redeclaring math accent \check on input line 823.
LaTeX Font Info:    Redeclaring math accent \vec on input line 831.
LaTeX Info: Redefining \vdots on input line 1241.
LaTeX Info: Redefining \cdots on input line 1246.
LaTeX Info: Redefining \not on input line 1488.
) (/usr/share/texlive/texmf-dist/tex/latex/sidenotesplus/sidenotesplus.sty
Package: sidenotesplus 2022/07/09 1.02 rich text marginal notes, tables and fig
ures 

(/usr/share/texlive/texmf-dist/tex/latex/marginnote/marginnote.sty
Package: marginnote 2018/08/09 v1.4b non floating margin notes for LaTeX
\c@mn@abspage=\count351
)
(/usr/share/texlive/texmf-dist/tex/latex/l3packages/l3keys2e/l3keys2e.sty
Package: l3keys2e 2023-01-16 LaTeX2e option processing using LaTeX3 keys
)
(/usr/share/texlive/texmf-dist/tex/latex/ifoddpage/ifoddpage.sty
Package: ifoddpage 2022/10/18 v1.2 Conditionals for odd/even page detection
\c@checkoddpage=\count352
)
(/usr/share/texlive/texmf-dist/tex/latex/mparhack/mparhack.sty
Package: mparhack 2021-05-02 v1.5 (T. Sgouros and S. Ulrich)
)
(/usr/share/texlive/texmf-dist/tex/latex/tools/xspace.sty
Package: xspace 2014/10/28 v1.13 Space after command names (DPC,MH)
)
(/usr/share/texlive/texmf-dist/tex/latex/changepage/changepage.sty
Package: changepage 2009/10/20 v1.0c check page and change page layout
\c@cp@cntr=\count353
\cp@tempcnt=\count354
LaTeX Info: Redefining \checkoddpage on input line 59.
)
\snp@marginsepdiff=\skip134
\c@sidenote=\count355
\c@sidealert=\count356
\d@snp@offset=\skip135
\l@snp@belowcaption=\skip136
\b@snp@marginfigurebox=\box122
\b@snp@margintablebox=\box123
\b@snp@textbox=\box124
\snp@marginparsepodd=\skip137
\snp@marginparsepeven=\skip138

Patching `\@mn@@@marginnote`! Patched! Patched!)
(/usr/share/texlive/texmf-dist/tex/latex/marginfix/marginfix.sty
Package: marginfix 2020/05/06 v1.2 Fix Margin Paragraphs
\Mfx@inject@insert=\insert252
\Mfx@marginbox=\box125
\Mfx@marginpos@min=\dimen311
\Mfx@marginpos@max=\dimen312
\Mfx@marginspace=\dimen313
\Mfx@marginheight=\dimen314
\Mfx@piece@content=\box126
\Mfx@piece@count=\count357
\Mfx@mparshift=\dimen315
\marginheightadjustment=\dimen316
\marginposadjustment=\dimen317
\Mfx@strutheight=\dimen318
)
(/usr/share/texlive/texmf-dist/tex/latex/adjustbox/adjustbox.sty
Package: adjustbox 2022/10/17 v1.3a Adjusting TeX boxes (trim, clip, ...)

(/usr/share/texlive/texmf-dist/tex/latex/adjustbox/adjcalc.sty
Package: adjcalc 2012/05/16 v1.1 Provides advanced setlength with multiple back
-ends (calc, etex, pgfmath)
)
(/usr/share/texlive/texmf-dist/tex/latex/adjustbox/trimclip.sty
Package: trimclip 2020/08/19 v1.2 Trim and clip general TeX material

(/usr/share/texlive/texmf-dist/tex/latex/collectbox/collectbox.sty
Package: collectbox 2022/10/17 v0.4c Collect macro arguments as boxes
\collectedbox=\box127
)
\tc@llx=\dimen319
\tc@lly=\dimen320
\tc@urx=\dimen321
\tc@ury=\dimen322
Package trimclip Info: Using driver 'tc-pdftex.def'.

(/usr/share/texlive/texmf-dist/tex/latex/adjustbox/tc-pdftex.def
File: tc-pdftex.def 2019/01/04 v2.2 Clipping driver for pdftex
))
\adjbox@Width=\dimen323
\adjbox@Height=\dimen324
\adjbox@Depth=\dimen325
\adjbox@Totalheight=\dimen326
\adjbox@pwidth=\dimen327
\adjbox@pheight=\dimen328
\adjbox@pdepth=\dimen329
\adjbox@ptotalheight=\dimen330

(/usr/share/texlive/texmf-dist/tex/latex/varwidth/varwidth.sty
Package: varwidth 2009/03/30 ver 0.92;  Variable-width minipages
\@vwid@box=\box128
\sift@deathcycles=\count358
\@vwid@loff=\dimen331
\@vwid@roff=\dimen332
))
(/usr/share/texlive/texmf-dist/tex/latex/footmisc/footmisc.sty
Package: footmisc 2022/03/08 v6.0d a miscellany of footnote facilities
\FN@temptoken=\toks56
\footnotemargin=\dimen333
\@outputbox@depth=\dimen334

(/usr/share/texlive/texmf-dist/tex/latex/bigfoot/perpage.sty
Package: perpage 2014/10/25 2.0 Reset/sort counters per page
)
\c@pp@a@footnote=\count359
Package footmisc Info: Declaring symbol style bringhurst on input line 695.
Package footmisc Info: Declaring symbol style chicago on input line 703.
Package footmisc Info: Declaring symbol style wiley on input line 712.
Package footmisc Info: Declaring symbol style lamport-robust on input line 723.

Package footmisc Info: Declaring symbol style lamport* on input line 743.
Package footmisc Info: Declaring symbol style lamport*-robust on input line 764
.
)
(/usr/share/texlive/texmf-dist/tex/latex/fancyhdr/fancyhdr.sty
Package: fancyhdr 2022/11/09 v4.1 Extensive control of page headers and footers

\f@nch@headwidth=\skip139
\f@nch@O@elh=\skip140
\f@nch@O@erh=\skip141
\f@nch@O@olh=\skip142
\f@nch@O@orh=\skip143
\f@nch@O@elf=\skip144
\f@nch@O@erf=\skip145
\f@nch@O@olf=\skip146
\f@nch@O@orf=\skip147
)
(/usr/share/texlive/texmf-dist/tex/latex/tikzscale/tikzscale.sty
Package: tikzscale 2013/05/22 v0.2.6 tikzscale LaTeX package

(/usr/share/texlive/texmf-dist/tex/generic/xstring/xstring.sty
(/usr/share/texlive/texmf-dist/tex/generic/xstring/xstring.tex
\integerpart=\count360
\decimalpart=\count361
)
Package: xstring 2023/01/14 v1.85 String manipulations (CT)
)
\tikzscale@measuredSize=\box129
)
(/usr/share/texlive/texmf-dist/tex/generic/pgf/frontendlayer/tikz/libraries/tik
zlibrarydecorations.pathreplacing.code.tex
(/usr/share/texlive/texmf-dist/tex/generic/pgf/frontendlayer/tikz/libraries/tik
zlibrarydecorations.code.tex
(/usr/share/texlive/texmf-dist/tex/generic/pgf/modules/pgfmoduledecorations.cod
e.tex
\pgfdecoratedcompleteddistance=\dimen335
\pgfdecoratedremainingdistance=\dimen336
\pgfdecoratedinputsegmentcompleteddistance=\dimen337
\pgfdecoratedinputsegmentremainingdistance=\dimen338
\pgf@decorate@distancetomove=\dimen339
\pgf@decorate@repeatstate=\count362
\pgfdecorationsegmentamplitude=\dimen340
\pgfdecorationsegmentlength=\dimen341
)
\tikz@lib@dec@box=\box130
)
(/usr/share/texlive/texmf-dist/tex/generic/pgf/libraries/decorations/pgflibrary
decorations.pathreplacing.code.tex))
(/usr/share/texlive/texmf-dist/tex/generic/pgf/frontendlayer/tikz/libraries/tik
zlibrarydecorations.pathmorphing.code.tex
(/usr/share/texlive/texmf-dist/tex/generic/pgf/libraries/decorations/pgflibrary
decorations.pathmorphing.code.tex))
(/usr/share/texlive/texmf-dist/tex/generic/pgf/libraries/pgflibraryarrows.meta.
code.tex
File: pgflibraryarrows.meta.code.tex 2023-01-15 v3.1.10 (3.1.10)
\pgfarrowinset=\dimen342
\pgfarrowlength=\dimen343
\pgfarrowwidth=\dimen344
\pgfarrowlinewidth=\dimen345
)
(/usr/share/texlive/texmf-dist/tex/generic/pgf/frontendlayer/tikz/libraries/tik
zlibraryarrows.code.tex
File: tikzlibraryarrows.code.tex 2023-01-15 v3.1.10 (3.1.10)

(/usr/share/texlive/texmf-dist/tex/generic/pgf/libraries/pgflibraryarrows.code.
tex
File: pgflibraryarrows.code.tex 2023-01-15 v3.1.10 (3.1.10)
\arrowsize=\dimen346
))
(/usr/share/texlive/texmf-dist/tex/generic/pgf/frontendlayer/tikz/libraries/tik
zlibraryshapes.code.tex
File: tikzlibraryshapes.code.tex 2023-01-15 v3.1.10 (3.1.10)

(/usr/share/texlive/texmf-dist/tex/generic/pgf/frontendlayer/tikz/libraries/tik
zlibraryshapes.geometric.code.tex
File: tikzlibraryshapes.geometric.code.tex 2023-01-15 v3.1.10 (3.1.10)

(/usr/share/texlive/texmf-dist/tex/generic/pgf/libraries/shapes/pgflibraryshape
s.geometric.code.tex
File: pgflibraryshapes.geometric.code.tex 2023-01-15 v3.1.10 (3.1.10)
))
(/usr/share/texlive/texmf-dist/tex/generic/pgf/frontendlayer/tikz/libraries/tik
zlibraryshapes.misc.code.tex
File: tikzlibraryshapes.misc.code.tex 2023-01-15 v3.1.10 (3.1.10)

(/usr/share/texlive/texmf-dist/tex/generic/pgf/libraries/shapes/pgflibraryshape
s.misc.code.tex
File: pgflibraryshapes.misc.code.tex 2023-01-15 v3.1.10 (3.1.10)
))
(/usr/share/texlive/texmf-dist/tex/generic/pgf/frontendlayer/tikz/libraries/tik
zlibraryshapes.symbols.code.tex
File: tikzlibraryshapes.symbols.code.tex 2023-01-15 v3.1.10 (3.1.10)

(/usr/share/texlive/texmf-dist/tex/generic/pgf/libraries/shapes/pgflibraryshape
s.symbols.code.tex
File: pgflibraryshapes.symbols.code.tex 2023-01-15 v3.1.10 (3.1.10)
))
(/usr/share/texlive/texmf-dist/tex/generic/pgf/frontendlayer/tikz/libraries/tik
zlibraryshapes.arrows.code.tex
File: tikzlibraryshapes.arrows.code.tex 2023-01-15 v3.1.10 (3.1.10)

(/usr/share/texlive/texmf-dist/tex/generic/pgf/libraries/shapes/pgflibraryshape
s.arrows.code.tex
File: pgflibraryshapes.arrows.code.tex 2023-01-15 v3.1.10 (3.1.10)
))
(/usr/share/texlive/texmf-dist/tex/generic/pgf/frontendlayer/tikz/libraries/tik
zlibraryshapes.callouts.code.tex
(/usr/share/texlive/texmf-dist/tex/generic/pgf/libraries/shapes/pgflibraryshape
s.callouts.code.tex))
(/usr/share/texlive/texmf-dist/tex/generic/pgf/frontendlayer/tikz/libraries/tik
zlibraryshapes.multipart.code.tex
File: tikzlibraryshapes.multipart.code.tex 2023-01-15 v3.1.10 (3.1.10)

(/usr/share/texlive/texmf-dist/tex/generic/pgf/libraries/shapes/pgflibraryshape
s.multipart.code.tex
File: pgflibraryshapes.multipart.code.tex 2023-01-15 v3.1.10 (3.1.10)
\pgfnodepartlowerbox=\box131
\pgfnodeparttwobox=\box132
\pgfnodepartthreebox=\box133
\pgfnodepartfourbox=\box134
\pgfnodeparttwentybox=\box135
\pgfnodepartnineteenbox=\box136
\pgfnodeparteighteenbox=\box137
\pgfnodepartseventeenbox=\box138
\pgfnodepartsixteenbox=\box139
\pgfnodepartfifteenbox=\box140
\pgfnodepartfourteenbox=\box141
\pgfnodepartthirteenbox=\box142
\pgfnodeparttwelvebox=\box143
\pgfnodepartelevenbox=\box144
\pgfnodeparttenbox=\box145
\pgfnodepartninebox=\box146
\pgfnodeparteightbox=\box147
\pgfnodepartsevenbox=\box148
\pgfnodepartsixbox=\box149
\pgfnodepartfivebox=\box150
)))
(/usr/share/texlive/texmf-dist/tex/generic/pgf/frontendlayer/tikz/libraries/tik
zlibrarypatterns.code.tex
File: tikzlibrarypatterns.code.tex 2023-01-15 v3.1.10 (3.1.10)

(/usr/share/texlive/texmf-dist/tex/generic/pgf/libraries/pgflibrarypatterns.cod
e.tex
File: pgflibrarypatterns.code.tex 2023-01-15 v3.1.10 (3.1.10)
))
(/usr/share/texlive/texmf-dist/tex/generic/pgf/frontendlayer/tikz/libraries/tik
zlibraryintersections.code.tex
(/usr/share/texlive/texmf-dist/tex/generic/pgf/libraries/pgflibraryintersection
s.code.tex
(/usr/share/texlive/texmf-dist/tex/generic/pgf/libraries/pgflibraryfpu.code.tex
)
\pgf@intersect@solutions=\count363
))
(/usr/share/texlive/texmf-dist/tex/generic/pgf/frontendlayer/tikz/libraries/tik
zlibrarycalc.code.tex
File: tikzlibrarycalc.code.tex 2023-01-15 v3.1.10 (3.1.10)
)
\c@exc=\count364
\c@prob=\count365
\c@defi=\count366
\c@rem=\count367
\c@exm=\count368
\c@prop=\count369
\c@thm=\count370
\c@cor=\count371
\pgf@layerbox@bg=\box151
\pgf@layerboxsaved@bg=\box152
Package hyperref Info: Option `colorlinks' set `true' on input line 147.
\tikzscale@accuracy=\skip148
LaTeX Font Info:    Trying to load font information for T1+LibertinusSerif-TLF 
on input line 151.

(/usr/share/texlive/texmf-dist/tex/latex/libertinus-type1/T1LibertinusSerif-TLF
.fd
File: T1LibertinusSerif-TLF.fd 2022/11/07 (autoinst) Font definitions for T1/Li
bertinusSerif-TLF.
)
LaTeX Font Info:    Font shape `T1/LibertinusSerif-TLF/m/n' will be
(Font)              scaled to size 10.0pt on input line 151.
 (./notes_differentiability_2026.aux
LaTeX Font Info:    Trying to load font information for LGR+LibertinusSerif-TLF
 on input line 20.

(/usr/share/texlive/texmf-dist/tex/latex/libertinus-type1/LGRLibertinusSerif-TL
F.fd
File: LGRLibertinusSerif-TLF.fd 2022/11/07 (autoinst) Font definitions for LGR/
LibertinusSerif-TLF.
)
LaTeX Font Info:    Font shape `LGR/LibertinusSerif-TLF/m/n' will be
(Font)              scaled to size 10.0pt on input line 20.
)
\openout1 = `notes_differentiability_2026.aux'.

LaTeX Font Info:    Checking defaults for OML/cmm/m/it on input line 151.
LaTeX Font Info:    ... okay on input line 151.
LaTeX Font Info:    Checking defaults for OMS/cmsy/m/n on input line 151.
LaTeX Font Info:    ... okay on input line 151.
LaTeX Font Info:    Checking defaults for OT1/cmr/m/n on input line 151.
LaTeX Font Info:    ... okay on input line 151.
LaTeX Font Info:    Checking defaults for T1/cmr/m/n on input line 151.
LaTeX Font Info:    ... okay on input line 151.
LaTeX Font Info:    Checking defaults for TS1/cmr/m/n on input line 151.
LaTeX Font Info:    ... okay on input line 151.
LaTeX Font Info:    Checking defaults for OMX/cmex/m/n on input line 151.
LaTeX Font Info:    ... okay on input line 151.
LaTeX Font Info:    Checking defaults for U/cmr/m/n on input line 151.
LaTeX Font Info:    ... okay on input line 151.
LaTeX Font Info:    Checking defaults for LGR/cmr/m/n on input line 151.
LaTeX Font Info:    Trying to load font information for LGR+cmr on input line 1
51.
 (/usr/share/texlive/texmf-dist/tex/latex/cbfonts-fd/lgrcmr.fd
File: lgrcmr.fd 2017/07/29 v1.2 Greek European Computer Regular
)
LaTeX Font Info:    ... okay on input line 151.
LaTeX Font Info:    Checking defaults for PD1/pdf/m/n on input line 151.
LaTeX Font Info:    ... okay on input line 151.
LaTeX Font Info:    Checking defaults for PU/pdf/m/n on input line 151.
LaTeX Font Info:    ... okay on input line 151.
LaTeX Font Info:    Checking defaults for LS1/libertinust1math/m/n on input lin
e 151.
LaTeX Font Info:    Trying to load font information for LS1+libertinust1math on
 input line 151.

(/usr/share/texlive/texmf-dist/tex/latex/libertinust1math/ls1libertinust1math.f
d
File: ls1libertinust1math.fd 2016/03/23 Fontinst v1.933 font definitions for LS
1/libertinust1math.
)
LaTeX Font Info:    ... okay on input line 151.
LaTeX Font Info:    Checking defaults for LS2/libertinust1mathsym/m/n on input 
line 151.
LaTeX Font Info:    Trying to load font information for LS2+libertinust1mathsym
 on input line 151.

(/usr/share/texlive/texmf-dist/tex/latex/libertinust1math/ls2libertinust1mathsy
m.fd
File: ls2libertinust1mathsym.fd 2015/04/17 v1.1.2-latex LibertinusT1Mathsym LS2
 font definitions
)
LaTeX Font Info:    ... okay on input line 151.
 (/usr/share/texlive/texmf-dist/tex/latex/greek-fontenc/puenc-greek.def
File: puenc-greek.def 2020/10/18 2.0 Greek LICRs for PDF strings

(/usr/share/texlive/texmf-dist/tex/latex/greek-fontenc/greek-fontenc.def
File: greek-fontenc.def 2020/10/30 2.0 Common Greek font encoding definitions
))
(/usr/share/texlive/texmf-dist/tex/context/base/mkii/supp-pdf.mkii
[Loading MPS to PDF converter (version 2006.09.02).]
\scratchcounter=\count372
\scratchdimen=\dimen347
\scratchbox=\box153
\nofMPsegments=\count373
\nofMParguments=\count374
\everyMPshowfont=\toks57
\MPscratchCnt=\count375
\MPscratchDim=\dimen348
\MPnumerator=\count376
\makeMPintoPDFobject=\count377
\everyMPtoPDFconversion=\toks58
) (/usr/share/texlive/texmf-dist/tex/latex/epstopdf-pkg/epstopdf-base.sty
Package: epstopdf-base 2020-01-24 v2.11 Base part for package epstopdf
Package epstopdf-base Info: Redefining graphics rule for `.eps' on input line 4
85.

(/usr/share/texlive/texmf-dist/tex/latex/latexconfig/epstopdf-sys.cfg
File: epstopdf-sys.cfg 2010/07/13 v1.3 Configuration of (r)epstopdf for TeX Liv
e
))
LaTeX Info: Command `\dddot' is already robust on input line 151.
LaTeX Info: Command `\ddddot' is already robust on input line 151.
Package caption Info: Begin \AtBeginDocument code.
Package caption Info: changepage package is loaded.
\caption@adjustwidth@hsize=\dimen349
\caption@adjustwidth@linewidth=\dimen350
Package caption Info: hyperref package is loaded.
Package caption Info: End \AtBeginDocument code.
Package hyperref Info: Link coloring ON on input line 151.

(./notes_differentiability_2026.out) (./notes_differentiability_2026.out)
\@outlinefile=\write4
\openout4 = `notes_differentiability_2026.out'.


*geometry* driver: auto-detecting
*geometry* detected driver: pdftex
*geometry* verbose mode - [ preamble ] result:
* driver: pdftex
* paper: a4paper
* layout: <same size as paper>
* layoutoffset:(h,v)=(0.0pt,0.0pt)
* modes: twoside 
* h-part:(L,W,R)=(71.70166pt, 316.22366pt, 209.58255pt)
* v-part:(T,H,B)=(101.40665pt, 591.5302pt, 152.11pt)
* \paperwidth=597.50787pt
* \paperheight=845.04684pt
* \textwidth=316.22366pt
* \textheight=591.5302pt
* \oddsidemargin=-0.56833pt
* \evensidemargin=137.31256pt
* \topmargin=-0.93083pt
* \headheight=12.0pt
* \headsep=18.06749pt
* \topskip=10.0pt
* \footskip=25.29494pt
* \marginparwidth=173.44756pt
* \marginparsep=14.45377pt
* \columnsep=10.0pt
* \skip\footins=9.0pt plus 4.0pt minus 2.0pt
* \hoffset=0.0pt
* \voffset=0.0pt
* \mag=1000
* \@twocolumnfalse
* \@twosidetrue
* \@mparswitchtrue
* \@reversemarginfalse
* (1in=72.27pt=25.4mm, 1cm=28.453pt)

(/usr/share/texlive/texmf-dist/tex/latex/pdflscape/pdflscape.sty
Package: pdflscape 2022-10-27 v0.13 Display of landscape pages in PDF

(/usr/share/texlive/texmf-dist/tex/latex/pdflscape/pdflscape-nometadata.sty
Package: pdflscape-nometadata 2022-10-28 v0.13 Display of landscape pages in PD
F (HO)

(/usr/share/texlive/texmf-dist/tex/latex/graphics/lscape.sty
Package: lscape 2020/05/28 v3.02 Landscape Pages (DPC)
)
Package pdflscape Info: Auto-detected driver: pdftex on input line 81.
))
\c@mv@tabular=\count378
\c@mv@boldtabular=\count379
\d@snp@extrawidth=\skip149
*geometry* verbose mode - [ newgeometry ] result:
* driver: pdftex
* paper: a4paper
* layout: <same size as paper>
* layoutoffset:(h,v)=(0.0pt,0.0pt)
* modes: twoside 
* h-part:(L,W,R)=(213.39566pt, 312.41055pt, 71.70166pt)
* v-part:(T,H,B)=(101.40665pt, 591.5302pt, 152.11pt)
* \paperwidth=597.50787pt
* \paperheight=845.04684pt
* \textwidth=312.41055pt
* \textheight=591.5302pt
* \oddsidemargin=141.12567pt
* \evensidemargin=-0.56833pt
* \topmargin=-0.93083pt
* \headheight=12.0pt
* \headsep=18.06749pt
* \topskip=10.0pt
* \footskip=25.29494pt
* \marginparwidth=173.44756pt
* \marginparsep=14.45377pt
* \columnsep=10.0pt
* \skip\footins=9.0pt plus 4.0pt minus 2.0pt
* \hoffset=0.0pt
* \voffset=0.0pt
* \mag=1000
* \@twocolumnfalse
* \@twosidetrue
* \@mparswitchtrue
* \@reversemarginfalse
* (1in=72.27pt=25.4mm, 1cm=28.453pt)

LaTeX Font Info:    Font shape `LGR/LibertinusSerif-TLF/m/n' will be
(Font)              scaled to size 24.88pt on input line 156.

contour: Using real outline for `$\forall fter-maths$' on input line 157.
LaTeX Font Info:    Font shape `LS1/libertinust1math/m/n' will be
(Font)              scaled to size 24.88pt on input line 157.
LaTeX Font Info:    Font shape `LS1/libertinust1math/m/n' will be
(Font)              scaled to size 20.74pt on input line 157.
LaTeX Font Info:    Font shape `LS1/libertinust1math/m/n' will be
(Font)              scaled to size 17.28pt on input line 157.
LaTeX Font Info:    Font shape `LS1/libertinust1math/m/it' will be
(Font)              scaled to size 24.88pt on input line 157.
LaTeX Font Info:    Font shape `LS1/libertinust1math/m/it' will be
(Font)              scaled to size 20.74pt on input line 157.
LaTeX Font Info:    Font shape `LS1/libertinust1math/m/it' will be
(Font)              scaled to size 17.28pt on input line 157.
LaTeX Font Info:    Font shape `LS2/libertinust1mathsym/m/n' will be
(Font)              scaled to size 24.88pt on input line 157.
LaTeX Font Info:    Font shape `LS2/libertinust1mathsym/m/n' will be
(Font)              scaled to size 20.74pt on input line 157.
LaTeX Font Info:    Font shape `LS2/libertinust1mathsym/m/n' will be
(Font)              scaled to size 17.28pt on input line 157.
LaTeX Font Info:    Trying to load font information for LS2+libertinust1mathex 
on input line 157.

(/usr/share/texlive/texmf-dist/tex/latex/libertinust1math/ls2libertinust1mathex
.fd
File: ls2libertinust1mathex.fd 2016/03/15 v1.0.0-latex LibertinusMath extension
s LS2 font definitions
)
LaTeX Font Info:    Font shape `LS2/libertinust1mathex/m/n' will be
(Font)              scaled to size 24.88pt on input line 157.
LaTeX Font Info:    Font shape `LS2/libertinust1mathex/m/n' will be
(Font)              scaled to size 20.74pt on input line 157.
LaTeX Font Info:    Font shape `LS2/libertinust1mathex/m/n' will be
(Font)              scaled to size 17.28pt on input line 157.
LaTeX Font Info:    Trying to load font information for U+msa on input line 157
.
 (/usr/share/texlive/texmf-dist/tex/latex/amsfonts/umsa.fd
File: umsa.fd 2013/01/14 v3.01 AMS symbols A
)
LaTeX Font Info:    Trying to load font information for U+msb on input line 157
.

(/usr/share/texlive/texmf-dist/tex/latex/amsfonts/umsb.fd
File: umsb.fd 2013/01/14 v3.01 AMS symbols B
)
LaTeX Font Info:    Trying to load font information for LS1+libertinust1mathbb 
on input line 157.

(/usr/share/texlive/texmf-dist/tex/latex/libertinust1math/ls1libertinust1mathbb
.fd
File: ls1libertinust1mathbb.fd 2016/08/22 latex LibertinusT1Mathbb LS1 font def
initions
)
LaTeX Font Info:    Font shape `LS1/libertinust1mathbb/m/n' will be
(Font)              scaled to size 24.88pt on input line 157.
LaTeX Font Info:    Font shape `LS1/libertinust1mathbb/m/n' will be
(Font)              scaled to size 20.74pt on input line 157.
LaTeX Font Info:    Font shape `LS1/libertinust1mathbb/m/n' will be
(Font)              scaled to size 17.28pt on input line 157.
LaTeX Font Info:    Font shape `LS1/libertinust1math/b/n' will be
(Font)              scaled to size 24.88pt on input line 157.
LaTeX Font Info:    Font shape `LS1/libertinust1math/b/n' will be
(Font)              scaled to size 20.74pt on input line 157.
LaTeX Font Info:    Font shape `LS1/libertinust1math/b/n' will be
(Font)              scaled to size 17.28pt on input line 157.
LaTeX Font Info:    Font shape `LS1/libertinust1math/b/it' will be
(Font)              scaled to size 24.88pt on input line 157.
LaTeX Font Info:    Font shape `LS1/libertinust1math/b/it' will be
(Font)              scaled to size 20.74pt on input line 157.
LaTeX Font Info:    Font shape `LS1/libertinust1math/b/it' will be
(Font)              scaled to size 17.28pt on input line 157.
LaTeX Font Info:    Font shape `LGR/LibertinusSerif-TLF/m/n' will be
(Font)              scaled to size 14.4pt on input line 161.
LaTeX Font Info:    Font shape `LGR/LibertinusSerif-TLF/b/n' will be
(Font)              scaled to size 14.4pt on input line 162.
LaTeX Font Info:    Font shape `LGR/LibertinusSerif-TLF/m/sc' will be
(Font)              scaled to size 14.4pt on input line 162.
LaTeX Font Info:    Font shape `LGR/LibertinusSerif-TLF/m/n' will be
(Font)              scaled to size 20.74pt on input line 165.
LaTeX Font Info:    Font shape `LGR/LibertinusSerif-TLF/b/n' will be
(Font)              scaled to size 20.74pt on input line 165.
 [1



{/var/lib/texmf/fonts/map/pdftex/updmap/pdftex.map}] [2

]
LaTeX Font Info:    Font shape `LGR/LibertinusSerif-TLF/b/n' will be
(Font)              scaled to size 24.88pt on input line 177.
LaTeX Font Info:    Trying to load font information for LGR+LibertinusMono-TLF 
on input line 180.
LaTeX Font Info:    No file LGRLibertinusMono-TLF.fd. on input line 180.


LaTeX Font Warning: Font shape `LGR/LibertinusMono-TLF/m/n' undefined
(Font)              using `LGR/cmr/m/n' instead on input line 180.

LaTeX Font Info:    Trying to load font information for T1+LibertinusMono-TLF o
n input line 180.

(/usr/share/texlive/texmf-dist/tex/latex/libertinus-type1/T1LibertinusMono-TLF.
fd
File: T1LibertinusMono-TLF.fd 2022/11/07 (autoinst) Font definitions for T1/Lib
ertinusMono-TLF.
)
LaTeX Font Info:    Font shape `T1/LibertinusMono-TLF/m/n' will be
(Font)              scaled to size 8.50006pt on input line 180.

Underfull \hbox (badness 10000) in paragraph at lines 182--183

 []

[3

] [4


] (./notes_differentiability_2026.toc
LaTeX Font Info:    Font shape `LGR/LibertinusSerif-TLF/b/n' will be
(Font)              scaled to size 10.0pt on input line 2.
LaTeX Font Info:    Font shape `LS1/libertinust1math/m/n' will be
(Font)              scaled to size 10.0pt on input line 3.
LaTeX Font Info:    Font shape `LS1/libertinust1math/m/n' will be
(Font)              scaled to size 7.0pt on input line 3.
LaTeX Font Info:    Font shape `LS1/libertinust1math/m/n' will be
(Font)              scaled to size 5.0pt on input line 3.
LaTeX Font Info:    Font shape `LS1/libertinust1math/m/it' will be
(Font)              scaled to size 10.0pt on input line 3.
LaTeX Font Info:    Font shape `LS1/libertinust1math/m/it' will be
(Font)              scaled to size 7.0pt on input line 3.
LaTeX Font Info:    Font shape `LS1/libertinust1math/m/it' will be
(Font)              scaled to size 5.0pt on input line 3.
LaTeX Font Info:    Font shape `LS2/libertinust1mathsym/m/n' will be
(Font)              scaled to size 10.0pt on input line 3.
LaTeX Font Info:    Font shape `LS2/libertinust1mathsym/m/n' will be
(Font)              scaled to size 7.0pt on input line 3.
LaTeX Font Info:    Font shape `LS2/libertinust1mathsym/m/n' will be
(Font)              scaled to size 5.0pt on input line 3.
LaTeX Font Info:    Font shape `LS2/libertinust1mathex/m/n' will be
(Font)              scaled to size 10.0pt on input line 3.
LaTeX Font Info:    Font shape `LS2/libertinust1mathex/m/n' will be
(Font)              scaled to size 7.0pt on input line 3.
LaTeX Font Info:    Font shape `LS2/libertinust1mathex/m/n' will be
(Font)              scaled to size 5.0pt on input line 3.
LaTeX Font Info:    Font shape `LS1/libertinust1mathbb/m/n' will be
(Font)              scaled to size 10.0pt on input line 3.
LaTeX Font Info:    Font shape `LS1/libertinust1mathbb/m/n' will be
(Font)              scaled to size 7.0pt on input line 3.
LaTeX Font Info:    Font shape `LS1/libertinust1mathbb/m/n' will be
(Font)              scaled to size 5.0pt on input line 3.
LaTeX Font Info:    Font shape `LS1/libertinust1math/b/n' will be
(Font)              scaled to size 10.0pt on input line 3.
LaTeX Font Info:    Font shape `LS1/libertinust1math/b/n' will be
(Font)              scaled to size 7.0pt on input line 3.
LaTeX Font Info:    Font shape `LS1/libertinust1math/b/n' will be
(Font)              scaled to size 5.0pt on input line 3.
LaTeX Font Info:    Font shape `LS1/libertinust1math/b/it' will be
(Font)              scaled to size 10.0pt on input line 3.
LaTeX Font Info:    Font shape `LS1/libertinust1math/b/it' will be
(Font)              scaled to size 7.0pt on input line 3.
LaTeX Font Info:    Font shape `LS1/libertinust1math/b/it' will be
(Font)              scaled to size 5.0pt on input line 3.

Overfull \hbox (9.45204pt too wide) in paragraph at lines 4--4
 [][] [][][]\LGR/LibertinusSerif-TLF/m/n/10 Mia mh a-na-lu-ti-k† pro-sËg-gi-sh 
thc e-fa-pto-mËnhc a-pÏ ton []\T1/LibertinusSerif-TLF/m/n/10 Descartes[][] [][]
  
 []

LaTeX Font Info:    Font shape `LGR/LibertinusSerif-TLF/m/n' will be
(Font)              scaled to size 7.0pt on input line 22.
LaTeX Font Info:    Font shape `LGR/LibertinusSerif-TLF/m/n' will be
(Font)              scaled to size 5.0pt on input line 22.
[5]
LaTeX Font Info:    Font shape `T1/LibertinusSerif-TLF/b/n' will be
(Font)              scaled to size 10.0pt on input line 50.
)
\tf@toc=\write5
\openout5 = `notes_differentiability_2026.toc'.

 [6] (./tangent.tex
\textKappa \textepsilon \textphi \acctonos \textalpha \textlambda \textalpha \t
extiota \textomicron  1.
(./assets/tikz/circle_tangent.tikz) (./assets/tikz/circle_tangent.tikz)
(./assets/tikz/circle_tangent.tikz) (./assets/tikz/circle_tangent.tikz)
(./assets/tikz/circle_tangent.tikz)
LaTeX Font Info:    Trying to load font information for LGR+LibertinusSans-TLF 
on input line 14.

(/usr/share/texlive/texmf-dist/tex/latex/libertinus-type1/LGRLibertinusSans-TLF
.fd
File: LGRLibertinusSans-TLF.fd 2022/11/07 (autoinst) Font definitions for LGR/L
ibertinusSans-TLF.
)
LaTeX Font Info:    Font shape `LGR/LibertinusSans-TLF/m/n' will be
(Font)              scaled to size 10.0pt on input line 14.
LaTeX Font Info:    Font shape `LGR/LibertinusSans-TLF/m/n' will be
(Font)              scaled to size 8.0pt on input line 14.
LaTeX Font Info:    Font shape `LGR/LibertinusSans-TLF/b/n' will be
(Font)              scaled to size 8.0pt on input line 14.
LaTeX Font Info:    Font shape `LGR/LibertinusSerif-TLF/m/n' will be
(Font)              scaled to size 8.0pt on input line 16.
LaTeX Font Info:    Trying to load font information for TS1+LibertinusSerif-TLF
 on input line 21.

(/usr/share/texlive/texmf-dist/tex/latex/libertinus-type1/TS1LibertinusSerif-TL
F.fd
File: TS1LibertinusSerif-TLF.fd 2022/11/07 (autoinst) Font definitions for TS1/
LibertinusSerif-TLF.
)
LaTeX Font Info:    Font shape `TS1/LibertinusSerif-TLF/m/n' will be
(Font)              scaled to size 7.0pt on input line 21.
LaTeX Font Info:    Font shape `LS1/libertinust1math/m/n' will be
(Font)              scaled to size 8.0pt on input line 21.
LaTeX Font Info:    Font shape `LS1/libertinust1math/m/n' will be
(Font)              scaled to size 6.0pt on input line 21.
LaTeX Font Info:    Font shape `LS1/libertinust1math/m/it' will be
(Font)              scaled to size 8.0pt on input line 21.
LaTeX Font Info:    Font shape `LS1/libertinust1math/m/it' will be
(Font)              scaled to size 6.0pt on input line 21.
LaTeX Font Info:    Font shape `LS2/libertinust1mathsym/m/n' will be
(Font)              scaled to size 8.0pt on input line 21.
LaTeX Font Info:    Font shape `LS2/libertinust1mathsym/m/n' will be
(Font)              scaled to size 6.0pt on input line 21.
LaTeX Font Info:    Font shape `LS2/libertinust1mathex/m/n' will be
(Font)              scaled to size 8.0pt on input line 21.
LaTeX Font Info:    Font shape `LS2/libertinust1mathex/m/n' will be
(Font)              scaled to size 6.0pt on input line 21.
LaTeX Font Info:    Font shape `LS1/libertinust1mathbb/m/n' will be
(Font)              scaled to size 8.0pt on input line 21.
LaTeX Font Info:    Font shape `LS1/libertinust1mathbb/m/n' will be
(Font)              scaled to size 6.0pt on input line 21.
LaTeX Font Info:    Font shape `LS1/libertinust1math/b/n' will be
(Font)              scaled to size 8.0pt on input line 21.
LaTeX Font Info:    Font shape `LS1/libertinust1math/b/n' will be
(Font)              scaled to size 6.0pt on input line 21.
LaTeX Font Info:    Font shape `LS1/libertinust1math/b/it' will be
(Font)              scaled to size 8.0pt on input line 21.
LaTeX Font Info:    Font shape `LS1/libertinust1math/b/it' will be
(Font)              scaled to size 6.0pt on input line 21.
LaTeX Font Info:    Font shape `LGR/LibertinusSerif-TLF/m/n' will be
(Font)              scaled to size 6.0pt on input line 21.
LaTeX Font Info:    Font shape `TS1/LibertinusSerif-TLF/m/n' will be
(Font)              scaled to size 6.0pt on input line 21.

Overfull \hbox (0.79593pt too wide) in paragraph at lines 21--23
[]\LGR/LibertinusSerif-TLF/m/n/10 Sta pla-–sia thc per-si-n†c a-na-lu-ti-k†c ge
-w-me-tr–ac[][][][][][] e-–da-me Ïti Ënac k‘kloc
 []


Overfull \hbox (0.19049pt too wide) in paragraph at lines 23--27
\LGR/LibertinusSerif-TLF/m/n/10 H a-pÏdei-xh tou pa-ra-pànw a-po-te-lËsma-toc b
a-s–sth-ke, ka-tà k‘rio lÏgo, sthn
 []

LaTeX Font Info:    Font shape `T1/LibertinusSerif-TLF/b/n' will be
(Font)              scaled to size 14.4pt on input line 28.
[7


] (./assets/tikz/decart_tangent_001.tikz)
LaTeX Font Info:    Font shape `LGR/LibertinusSerif-TLF/m/it' will be
(Font)              scaled to size 10.0pt on input line 45.
LaTeX Font Info:    Font shape `LGR/LibertinusSerif-TLF/m/it' will be
(Font)              scaled to size 8.0pt on input line 52.

(./assets/tikz/descartes_method_001.tikz)
(./assets/tikz/descartes_method_001.tikz)
(./assets/tikz/descartes_method_001.tikz)
(./assets/tikz/descartes_method_001.tikz)
(./assets/tikz/descartes_method_001.tikz)
LaTeX Font Info:    Trying to load font information for T1+LibertinusSans-TLF o
n input line 59.

(/usr/share/texlive/texmf-dist/tex/latex/libertinus-type1/T1LibertinusSans-TLF.
fd
File: T1LibertinusSans-TLF.fd 2022/11/07 (autoinst) Font definitions for T1/Lib
ertinusSans-TLF.
)
LaTeX Font Info:    Font shape `T1/LibertinusSans-TLF/m/n' will be
(Font)              scaled to size 8.0pt on input line 59.
LaTeX Font Info:    Font shape `LGR/LibertinusSans-TLF/m/it' will be
(Font)              scaled to size 8.0pt on input line 69.
 [8] [9] (./assets/tikz/descartes_method_002.tikz)
(./assets/tikz/descartes_method_002.tikz)
(./assets/tikz/descartes_method_002.tikz)
(./assets/tikz/descartes_method_002.tikz)
(./assets/tikz/descartes_method_002.tikz) [10]
(./assets/tikz/descartes_method_003.tikz)
(./assets/tikz/descartes_method_003.tikz)
(./assets/tikz/descartes_method_003.tikz)
(./assets/tikz/descartes_method_003.tikz)
(./assets/tikz/descartes_method_003.tikz)
Overfull \hbox (10.92664pt too wide) in paragraph at lines 181--181
[]\LGR/LibertinusSerif-TLF/b/n/14.4 Mia a-na-lu-ti-k† pro-sËg-gi-sh thc e-fa-pt
o-mËnhc
 []

[11] (./assets/tikz/barrow_method_001.tikz)
(./assets/tikz/barrow_method_001.tikz) (./assets/tikz/barrow_method_001.tikz)
(./assets/tikz/barrow_method_001.tikz) (./assets/tikz/barrow_method_001.tikz)
[12]
Overfull \hbox (0.5989pt too wide) in paragraph at lines 245--247
\LGR/LibertinusSerif-TLF/m/n/10 Aplopoio‘me kai dia-gràfou-me Ïlouc touc Ïrouc 
pou pe-ri-Ëqoun kàpoia d‘na-
 []

(./assets/tikz/barrow_method_002.tikz) (./assets/tikz/barrow_method_002.tikz)
(./assets/tikz/barrow_method_002.tikz) (./assets/tikz/barrow_method_002.tikz)
(./assets/tikz/barrow_method_002.tikz) (./assets/tikz/barrow_method_002.tikz)
(./assets/tikz/barrow_method_002.tikz)
Overfull \hbox (5.05182pt too wide) in paragraph at lines 265--267
\LGR/LibertinusSerif-TLF/m/n/10 {d‘sko-lec}, su-nar-t†seic. Ac pàrou-me, gia pa
-ràdeig-ma, th su-nàr-th-sh $\LS1/libertinust1math/m/it/10 f\LS1/libertinust1ma
th/m/n/10 .\LS1/libertinust1math/m/it/10 x\LS1/libertinust1math/m/n/10 / =
 []

[13] (./assets/tikz/barrow_method_003.tikz)
(./assets/tikz/barrow_method_003.tikz) (./assets/tikz/barrow_method_003.tikz)
(./assets/tikz/barrow_method_003.tikz) (./assets/tikz/barrow_method_003.tikz)
LaTeX Font Info:    Font shape `LGR/LibertinusSans-TLF/m/n' will be
(Font)              scaled to size 6.0pt on input line 291.
LaTeX Font Info:    Font shape `LGR/LibertinusSans-TLF/m/n' will be
(Font)              scaled to size 5.0pt on input line 291.

[14] (./assets/tikz/tangent_def_001.tikz) (./assets/tikz/tangent_def_003.tikz)
(./assets/tikz/tangent_def_002.tikz) [15] (./assets/tikz/tangent_def_004.tikz)
[16] (./assets/tikz/tangent_approx.tikz)
Overfull \hbox (1.33919pt too wide) in paragraph at lines 405--407
\LGR/LibertinusSerif-TLF/m/n/10 T∏ra pou, e-pi-tËlouc, br†ka-me ta ka-tàl-lh-la
 lÏgia na ek-fràsou-me thn kl–sh
 []


LaTeX Warning: Command \textOmicron invalid in math mode on input line 425.

[17] (./assets/tikz/subtangents.tikz) (./assets/tikz/vertical_tangent_001.tikz)
(./assets/tikz/vertical_tangent_001.tikz)
(./assets/tikz/vertical_tangent_001.tikz)
(./assets/tikz/vertical_tangent_001.tikz)
(./assets/tikz/vertical_tangent_001.tikz) [18]
(./assets/tikz/vertical_tangent_002.tikz

Package pgf Warning: Returning node center instead of a point on node border. D
id you specify a point identical to the center of node ``X0''? on input line 22
.


Package pgf Warning: Returning node center instead of a point on node border. D
id you specify a point identical to the center of node ``O''? on input line 22.


) [19] (./assets/tikz/vertical_tangent_003.tikz

Package pgf Warning: Returning node center instead of a point on node border. D
id you specify a point identical to the center of node ``X0''? on input line 23
.


Package pgf Warning: Returning node center instead of a point on node border. D
id you specify a point identical to the center of node ``O''? on input line 23.



Package pgf Warning: Returning node center instead of a point on node border. D
id you specify a point identical to the center of node ``Y0''? on input line 23
.


Package pgf Warning: Returning node center instead of a point on node border. D
id you specify a point identical to the center of node ``O''? on input line 23.


) (./assets/tikz/vertical_tangent_004.tikz)
LaTeX Font Info:    Font shape `TS1/LibertinusSerif-TLF/m/n' will be
(Font)              scaled to size 10.0pt on input line 556.
 [20]
Overfull \hbox (5.38855pt too wide) in paragraph at lines 586--587
[]\LGR/LibertinusSerif-TLF/m/n/10 Kle–nontac th su-z†th-sh gia thn pa-ra-gw-gi-
si-mÏth-ta, d–nou-me touc a-kÏlou-
 []

[21]) (./derivative.tex [22]
\textKappa \textepsilon \textphi \acctonos \textalpha \textlambda \textalpha \t
extiota \textomicron  2.
[23

] [24] [25]
LaTeX Font Info:    Font shape `LGR/LibertinusSerif-TLF/m/n' will be
(Font)              scaled to size 12.0pt on input line 75.
LaTeX Font Info:    Font shape `LGR/LibertinusSerif-TLF/b/n' will be
(Font)              scaled to size 12.0pt on input line 75.
LaTeX Font Info:    Font shape `LS1/libertinust1math/m/n' will be
(Font)              scaled to size 12.0pt on input line 75.
LaTeX Font Info:    Font shape `LS1/libertinust1math/m/it' will be
(Font)              scaled to size 12.0pt on input line 75.
LaTeX Font Info:    Font shape `LS2/libertinust1mathsym/m/n' will be
(Font)              scaled to size 12.0pt on input line 75.
LaTeX Font Info:    Font shape `LS2/libertinust1mathex/m/n' will be
(Font)              scaled to size 12.0pt on input line 75.
LaTeX Font Info:    Font shape `LS1/libertinust1mathbb/m/n' will be
(Font)              scaled to size 12.0pt on input line 75.
LaTeX Font Info:    Font shape `LS1/libertinust1math/b/n' will be
(Font)              scaled to size 12.0pt on input line 75.
LaTeX Font Info:    Font shape `LS1/libertinust1math/b/it' will be
(Font)              scaled to size 12.0pt on input line 75.


Package hyperref Warning: Token not allowed in a PDF string (Unicode):
(hyperref)                removing `math shift' on input line 75.


Package hyperref Warning: Token not allowed in a PDF string (Unicode):
(hyperref)                removing `math shift' on input line 75.


Package hyperref Warning: Token not allowed in a PDF string (Unicode):
(hyperref)                removing `math shift' on input line 83.


Package hyperref Warning: Token not allowed in a PDF string (Unicode):
(hyperref)                removing `math shift' on input line 83.


Package hyperref Warning: Token not allowed in a PDF string (Unicode):
(hyperref)                removing `math shift' on input line 91.


Package hyperref Warning: Token not allowed in a PDF string (Unicode):
(hyperref)                removing `superscript' on input line 91.


Package hyperref Warning: Token not allowed in a PDF string (Unicode):
(hyperref)                removing `math shift' on input line 91.


Package hyperref Warning: Token not allowed in a PDF string (Unicode):
(hyperref)                removing `math shift' on input line 91.


Package hyperref Warning: Token not allowed in a PDF string (Unicode):
(hyperref)                removing `\in' on input line 91.


Package hyperref Warning: Token not allowed in a PDF string (Unicode):
(hyperref)                removing `math shift' on input line 91.


Package hyperref Warning: Token not allowed in a PDF string (Unicode):
(hyperref)                removing `math shift' on input line 91.


Package hyperref Warning: Token not allowed in a PDF string (Unicode):
(hyperref)                removing `\geq' on input line 91.


Package hyperref Warning: Token not allowed in a PDF string (Unicode):
(hyperref)                removing `math shift' on input line 91.

[26]

Package hyperref Warning: Token not allowed in a PDF string (Unicode):
(hyperref)                removing `math shift' on input line 109.


Package hyperref Warning: Token not allowed in a PDF string (Unicode):
(hyperref)                removing `\@ifnextchar' on input line 109.


Package hyperref Warning: Token not allowed in a PDF string (Unicode):
(hyperref)                removing `math shift' on input line 109.


Package hyperref Warning: Token not allowed in a PDF string (Unicode):
(hyperref)                removing `math shift' on input line 124.


Package hyperref Warning: Token not allowed in a PDF string (Unicode):
(hyperref)                removing `\begingroup' on input line 124.


Package hyperref Warning: Token not allowed in a PDF string (Unicode):
(hyperref)                removing `\endgroup' on input line 124.


Package hyperref Warning: Token not allowed in a PDF string (Unicode):
(hyperref)                removing `\@@over' on input line 124.


Package hyperref Warning: Token not allowed in a PDF string (Unicode):
(hyperref)                removing `math shift' on input line 124.

LaTeX Font Info:    Font shape `LGR/LibertinusSerif-TLF/b/n' will be
(Font)              scaled to size 8.0pt on input line 138.
LaTeX Font Info:    Font shape `LGR/LibertinusSerif-TLF/b/n' will be
(Font)              scaled to size 6.0pt on input line 138.

Package hyperref Warning: Token not allowed in a PDF string (Unicode):
(hyperref)                removing `math shift' on input line 138.


Package hyperref Warning: Token not allowed in a PDF string (Unicode):
(hyperref)                removing `\mathop' on input line 138.


Package hyperref Warning: Token not allowed in a PDF string (Unicode):
(hyperref)                removing `\mathcode' on input line 138.


Package hyperref Warning: Token not allowed in a PDF string (Unicode):
(hyperref)                removing `\mathcode' on input line 138.


Package hyperref Warning: Token not allowed in a PDF string (Unicode):
(hyperref)                removing `\mathcode' on input line 138.


Package hyperref Warning: Token not allowed in a PDF string (Unicode):
(hyperref)                removing `\mathchardef' on input line 138.


Package hyperref Warning: Token not allowed in a PDF string (Unicode):
(hyperref)                removing `\std@minus' on input line 138.


Package hyperref Warning: Token not allowed in a PDF string (Unicode):
(hyperref)                removing `\mathcode' on input line 138.


Package hyperref Warning: Token not allowed in a PDF string (Unicode):
(hyperref)                removing `\mathcode' on input line 138.


Package hyperref Warning: Token not allowed in a PDF string (Unicode):
(hyperref)                removing `\mathcode' on input line 138.


Package hyperref Warning: Token not allowed in a PDF string (Unicode):
(hyperref)                removing `\mathcode' on input line 138.


Package hyperref Warning: Token not allowed in a PDF string (Unicode):
(hyperref)                removing `\leavevmode@ifvmode' on input line 138.


Package hyperref Warning: Token not allowed in a PDF string (Unicode):
(hyperref)                \kern 2.22198pt
(hyperref)                removed on input line 138.


Package hyperref Warning: Token not allowed in a PDF string (Unicode):
(hyperref)                removing `\mathgroup' on input line 138.


Package hyperref Warning: Token not allowed in a PDF string (Unicode):
(hyperref)                removing `\symoperators' on input line 138.


Package hyperref Warning: Token not allowed in a PDF string (Unicode):
(hyperref)                removing `\@ifnextchar' on input line 138.


Package hyperref Warning: Token not allowed in a PDF string (Unicode):
(hyperref)                removing `math shift' on input line 138.

[27]

Package hyperref Warning: Token not allowed in a PDF string (Unicode):
(hyperref)                removing `math shift' on input line 159.


Package hyperref Warning: Token not allowed in a PDF string (Unicode):
(hyperref)                removing `\mathop' on input line 159.


Package hyperref Warning: Token not allowed in a PDF string (Unicode):
(hyperref)                removing `\mathcode' on input line 159.


Package hyperref Warning: Token not allowed in a PDF string (Unicode):
(hyperref)                removing `\mathcode' on input line 159.


Package hyperref Warning: Token not allowed in a PDF string (Unicode):
(hyperref)                removing `\mathcode' on input line 159.


Package hyperref Warning: Token not allowed in a PDF string (Unicode):
(hyperref)                removing `\mathchardef' on input line 159.


Package hyperref Warning: Token not allowed in a PDF string (Unicode):
(hyperref)                removing `\std@minus' on input line 159.


Package hyperref Warning: Token not allowed in a PDF string (Unicode):
(hyperref)                removing `\mathcode' on input line 159.


Package hyperref Warning: Token not allowed in a PDF string (Unicode):
(hyperref)                removing `\mathcode' on input line 159.


Package hyperref Warning: Token not allowed in a PDF string (Unicode):
(hyperref)                removing `\mathcode' on input line 159.


Package hyperref Warning: Token not allowed in a PDF string (Unicode):
(hyperref)                removing `\mathcode' on input line 159.


Package hyperref Warning: Token not allowed in a PDF string (Unicode):
(hyperref)                removing `\leavevmode@ifvmode' on input line 159.


Package hyperref Warning: Token not allowed in a PDF string (Unicode):
(hyperref)                \kern 2.22198pt
(hyperref)                removed on input line 159.


Package hyperref Warning: Token not allowed in a PDF string (Unicode):
(hyperref)                removing `\mathgroup' on input line 159.


Package hyperref Warning: Token not allowed in a PDF string (Unicode):
(hyperref)                removing `\symoperators' on input line 159.


Package hyperref Warning: Token not allowed in a PDF string (Unicode):
(hyperref)                removing `\@ifnextchar' on input line 159.


Package hyperref Warning: Token not allowed in a PDF string (Unicode):
(hyperref)                removing `math shift' on input line 159.

[28]

Package hyperref Warning: Token not allowed in a PDF string (Unicode):
(hyperref)                removing `math shift' on input line 181.


Package hyperref Warning: Token not allowed in a PDF string (Unicode):
(hyperref)                removing `superscript' on input line 181.


Package hyperref Warning: Token not allowed in a PDF string (Unicode):
(hyperref)                removing `math shift' on input line 181.

(./assets/tikz/exp_tangent_001.tikz) (./assets/tikz/exp_tangent_001.tikz)
(./assets/tikz/exp_tangent_001.tikz) (./assets/tikz/exp_tangent_001.tikz)
(./assets/tikz/exp_tangent_001.tikz) [29] [30]
(./assets/tikz/exp_tangent_002.tikz) (./assets/tikz/exp_tangent_002.tikz)
(./assets/tikz/exp_tangent_002.tikz) (./assets/tikz/exp_tangent_002.tikz)
(./assets/tikz/exp_tangent_002.tikz) [31] [32]
(./assets/tikz/sum_derivative.tikz) [33] (./assets/tikz/product_derivative.tikz
) (./assets/tikz/product_derivative.tikz)
(./assets/tikz/product_derivative.tikz) (./assets/tikz/product_derivative.tikz)
(./assets/tikz/product_derivative.tikz) [34] [35]
(./assets/tikz/f_product_derivative.tikz)
(./assets/tikz/f_product_derivative.tikz)
(./assets/tikz/f_product_derivative.tikz)
(./assets/tikz/f_product_derivative.tikz)
(./assets/tikz/f_product_derivative.tikz) [36] [37] [38] [39] [40] [41]
LaTeX Font Info:    Font shape `T1/LibertinusMono-TLF/m/n' will be
(Font)              scaled to size 6.80005pt on input line 634.

[42] [43] [44] [45] [46]
Overfull \hbox (1.08311pt too wide) detected at line 830
[]
 []

) (./theorems.tex [47] [48

]
\textKappa \textepsilon \textphi \acctonos \textalpha \textlambda \textalpha \t
extiota \textomicron  3.
[49] (./assets/tikz/extrema_001.tikz

LaTeX Font Warning: Command \footnotesize invalid in math mode on input line 8.



LaTeX Font Warning: Command \footnotesize invalid in math mode on input line 9.



LaTeX Font Warning: Command \footnotesize invalid in math mode on input line 12
.


LaTeX Font Warning: Command \footnotesize invalid in math mode on input line 15
.


LaTeX Font Warning: Command \footnotesize invalid in math mode on input line 18
.


LaTeX Font Warning: Command \footnotesize invalid in math mode on input line 19
.


LaTeX Font Warning: Command \footnotesize invalid in math mode on input line 22
.


LaTeX Font Warning: Command \footnotesize invalid in math mode on input line 25
.

) [50] (./assets/tikz/extrema_002.tikz) [51] [52] [53]
LaTeX Font Info:    Font shape `LGR/LibertinusSerif-TLF/m/it' will be
(Font)              scaled to size 7.0pt on input line 172.
 [54] [55] [56] [57]
(./assets/tikz/rolle_001.tikz)

LaTeX Warning: Command \textasciidieresis invalid in math mode on input line 33
2.


LaTeX Warning: Command \textcompwordmark invalid in math mode on input line 332
.

[58] [59] [60] [61] (./assets/tikz/mvt_001.tikz)
Underfull \hbox (badness 3514) in paragraph at lines 459--459
 []\LGR/LibertinusSans-TLF/m/n/8 Skefte–te Ëna h-mi-k‘klio pou to str–be-te ka-
tà 
 []


Underfull \hbox (badness 3240) in paragraph at lines 459--459
 \LGR/LibertinusSans-TLF/m/n/8 kàpoia o-xe-–a gw-n–a, o-pÏte kai pa-‘ei na e-–n
ai 
 []


Underfull \hbox (badness 3514) in paragraph at lines 459--459
 []\LGR/LibertinusSans-TLF/m/n/8 Skefte–te Ëna h-mi-k‘klio pou to str–be-te ka-
tà 
 []


Underfull \hbox (badness 3240) in paragraph at lines 459--459
 \LGR/LibertinusSans-TLF/m/n/8 kàpoia o-xe-–a gw-n–a, o-pÏte kai pa-‘ei na e-–n
ai 
 []

(./assets/tikz/mvt_002.tikz) (./assets/tikz/mvt_002.tikz)
(./assets/tikz/mvt_002.tikz) (./assets/tikz/mvt_002.tikz)
(./assets/tikz/mvt_002.tikz) (./assets/tikz/mvt_002.tikz)
(./assets/tikz/mvt_002.tikz) [62] (./assets/tikz/mvt_003.tikz)
(./assets/tikz/mvt_004.tikz) [63] [64]
LaTeX Font Info:    Font shape `T1/LibertinusSans-TLF/m/it' will be
(Font)              scaled to size 8.0pt on input line 561.
 [65]) (./mvt_consequences.tex [66]
\textKappa \textepsilon \textphi \acctonos \textalpha \textlambda \textalpha \t
extiota \textomicron  4.
[67

]
Overfull \hbox (1.62387pt too wide) in paragraph at lines 34--35
[]\LGR/LibertinusSerif-TLF/m/n/10 h $\LS1/libertinust1math/m/it/10 f$ \LGR/Libe
rtinusSerif-TLF/m/n/10 e-–nai su-ne-q†c sto $\LS1/libertinust1math/m/n/10 [\LS1
/libertinust1math/m/it/10 x[]; x[]\LS1/libertinust1math/m/n/10 ]$\LGR/Libertinu
sSerif-TLF/m/n/10 , a-fo-‘ e-–nai su-ne-q†c kai sto $\LS1/libertinust1math/m/n/
10 ^^A$ \LGR/LibertinusSerif-TLF/m/n/10 kai $\LS1/libertinust1math/m/n/10 [\LS1
/libertinust1math/m/it/10 x[]; x[]\LS1/libertinust1math/m/n/10 ] \LS1/libertinu
st1math/m/it/10 ”
 []

[68] (./assets/tikz/const_func_001.tikz) [69] [70] [71]
(./assets/tikz/derivative_monotonicty_001.tikz) [72] [73]
\myheight=\skip150

Overfull \hbox (12.86664pt too wide) detected at line 260
[]
 []

[74] [75] [76]
\myheight=\skip151
\myheight=\skip152
\myheight=\skip153

Overfull \hbox (24.08986pt too wide) detected at line 378
[]
 []

) (./convexity.tex [77] [78

]
\textKappa \textepsilon \textphi \acctonos \textalpha \textlambda \textalpha \t
extiota \textomicron  5.
[79] [80] [81] [82]
\myheight=\skip154
\myheight=\skip155
 [83] [84] [85] [86]
\myheight=\skip156
 [87]) (./lhospital.tex [88]
\textKappa \textepsilon \textphi \acctonos \textalpha \textlambda \textalpha \t
extiota \textomicron  6.
LaTeX Font Info:    Font shape `T1/LibertinusSerif-TLF/b/n' will be
(Font)              scaled to size 24.88pt on input line 1.
[89

]
Overfull \hbox (1.95535pt too wide) in paragraph at lines 19--21
\LGR/LibertinusSerif-TLF/m/n/10 Ïpou, kai oi d‘o su-nar-t†seic, $\LS1/libertinu
st1math/m/it/10 f; g$\LGR/LibertinusSerif-TLF/m/n/10 , a-pei-r–zo-ntai ka-j∏c p
ro-seg-g–zou-me kàpoio
 []

[90] [91]) (./plots.tex [92]
\textKappa \textepsilon \textphi \acctonos \textalpha \textlambda \textalpha \t
extiota \textomicron  7.
LaTeX Font Info:    Font shape `T1/LibertinusSerif-TLF/m/n' will be
(Font)              scaled to size 8.0pt on input line 9.
[93

] [94]
Overfull \hbox (5.51823pt too wide) in paragraph at lines 56--57
[]\LGR/LibertinusSerif-TLF/m/n/10 H $\LS1/libertinust1math/m/it/10 f$ \LGR/Libe
rtinusSerif-TLF/m/n/10 e-–nai, e-p–shc, pa-ra-gw-g–si-mh se Ïlo to pe-d–o o-ri-
smo-‘ thc, wc pràxeic
 []


Underfull \vbox (badness 2073) has occurred while \output is active []

 [95]
Overfull \hbox (3.27963pt too wide) in paragraph at lines 95--96
[]\LGR/LibertinusSerif-TLF/m/n/10 h $\LS1/libertinust1math/m/it/10 f$ \LGR/Libe
rtinusSerif-TLF/m/n/10 e-–nai gnh-s–wc fj–nou-sa sta dia-st†ma-ta $\LS1/liberti
nust1math/m/n/10 .*ÿ\LS1/libertinust1math/m/it/10 ; \LS1/libertinust1math/m/n/1
0 *2/$ \LGR/LibertinusSerif-TLF/m/n/10 kai $\LS1/libertinust1math/m/n/10 .*2\LS
1/libertinust1math/m/it/10 ; [] \LS1/libertinust1math/m/n/10 *
 []

\myheight=\skip157
\myheight=\skip158

Overfull \hbox (9.27321pt too wide) detected at line 127
[]
 []

[96] [97]
\myheight=\skip159
 [98] [99]
Overfull \hbox (1.81558pt too wide) in paragraph at lines 218--219
[]\LGR/LibertinusSerif-TLF/m/n/10 Kataskeuàzoume to p–na-ka me-ta-bo-l∏n thc $\
LS1/libertinust1math/m/it/10 f$\LGR/LibertinusSerif-TLF/m/n/10 , Ïpwc fa-–ne-ta
i ston p–na-
 []

\myheight=\skip160
\myheight=\skip161
\myheight=\skip162
\myheight=\skip163

Overfull \hbox (19.7876pt too wide) detected at line 228
[]
 []

) (./exercises.tex [100] [101] [102

]
\textKappa \textepsilon \textphi \acctonos \textalpha \textlambda \textalpha \t
extiota \textomicron  8.
[103] [104]
Underfull \hbox (badness 10000) in paragraph at lines 41--42
[]\LGR/LibertinusSerif-TLF/m/n/10 Na u-po-lo-g–se-te tic pa-ra-
 []


Underfull \hbox (badness 10000) in paragraph at lines 50--51
\LGR/LibertinusSerif-TLF/m/n/10 su-nar-t†se-wn sto sh-me-–o
 []


Overfull \hbox (19.15022pt too wide) detected at line 89
[]
 []

[105]
Underfull \hbox (badness 5147) in paragraph at lines 103--104
[]\LGR/LibertinusSerif-TLF/m/n/10 upàrqei $\LS1/libertinust1math/m/it/10 ^^X[] 
\LS1/libertinust1math/m/n/10 À .*2\LS1/libertinust1math/m/it/10 ; \LS1/libertin
ust1math/m/n/10 0/$
 []


Overfull \hbox (15.83748pt too wide) detected at line 120
\LS1/libertinust1math/m/it/10 f[]\LS1/libertinust1math/m/n/10 .\LS1/libertinust
1math/m/it/10 ^^X[]\LS1/libertinust1math/m/n/10 / + \LS1/libertinust1math/m/it/
10 f[]\LS1/libertinust1math/m/n/10 .\LS1/libertinust1math/m/it/10 ^^X[]\LS1/lib
ertinust1math/m/n/10 / = 2.\LS1/libertinust1math/m/it/10 f\LS1/libertinust1math
/m/n/10 .1/ * \LS1/libertinust1math/m/it/10 f\LS1/libertinust1math/m/n/10 .0//\
LS1/libertinust1math/m/it/10 :
 []


Overfull \hbox (20.48747pt too wide) detected at line 122
\LS1/libertinust1math/m/it/10 f[]\LS1/libertinust1math/m/n/10 .\LS1/libertinust
1math/m/it/10 ^^X[]\LS1/libertinust1math/m/n/10 / + 2\LS1/libertinust1math/m/it
/10 f[]\LS1/libertinust1math/m/n/10 .\LS1/libertinust1math/m/it/10 ^^X[]\LS1/li
bertinust1math/m/n/10 / = 3.\LS1/libertinust1math/m/it/10 f\LS1/libertinust1mat
h/m/n/10 .1/ * \LS1/libertinust1math/m/it/10 f\LS1/libertinust1math/m/n/10 .0//
\LS1/libertinust1math/m/it/10 :
 []


Overfull \hbox (20.48747pt too wide) detected at line 124
\LS1/libertinust1math/m/it/10 f[]\LS1/libertinust1math/m/n/10 .\LS1/libertinust
1math/m/it/10 ^^X[]\LS1/libertinust1math/m/n/10 / + 4\LS1/libertinust1math/m/it
/10 f[]\LS1/libertinust1math/m/n/10 .\LS1/libertinust1math/m/it/10 ^^X[]\LS1/li
bertinust1math/m/n/10 / = 5.\LS1/libertinust1math/m/it/10 f\LS1/libertinust1mat
h/m/n/10 .1/ * \LS1/libertinust1math/m/it/10 f\LS1/libertinust1math/m/n/10 .0//
\LS1/libertinust1math/m/it/10 :
 []


Overfull \hbox (38.79745pt too wide) detected at line 126
\LS1/libertinust1math/m/it/10 f[]\LS1/libertinust1math/m/n/10 .\LS1/libertinust
1math/m/it/10 ^^X[]\LS1/libertinust1math/m/n/10 / + \LS1/libertinust1math/m/it/
10 af[]\LS1/libertinust1math/m/n/10 .\LS1/libertinust1math/m/it/10 ^^X[]\LS1/li
bertinust1math/m/n/10 / = .\LS1/libertinust1math/m/it/10 a \LS1/libertinust1mat
h/m/n/10 + 1/.\LS1/libertinust1math/m/it/10 f\LS1/libertinust1math/m/n/10 .1/ *
 \LS1/libertinust1math/m/it/10 f\LS1/libertinust1math/m/n/10 .0//\LS1/libertinu
st1math/m/it/10 ;
 []

[106]
Overfull \vbox (0.66475pt too high) has occurred while \output is active []


Overfull \vbox (0.66475pt too high) has occurred while \output is active []


[107]
Underfull \hbox (badness 10000) in paragraph at lines 209--211
[]\LGR/LibertinusSerif-TLF/m/n/10 Me bàsh thn proh-go-‘me-nh
 []


Overfull \hbox (31.76678pt too wide) detected at line 215
\LS1/libertinust1math/m/it/10 f[]\LS1/libertinust1math/m/n/10 .\LS1/libertinust
1math/m/it/10 x\LS1/libertinust1math/m/n/10 / = [] \LS1/libertinust1math/m/it/1
0 f\LS1/libertinust1math/m/n/10 .\LS1/libertinust1math/m/it/10 x\LS1/libertinus
t1math/m/n/10 /\LS1/libertinust1math/m/it/10 :
 []


Underfull \hbox (badness 5064) in paragraph at lines 228--229
[]\LGR/LibertinusSerif-TLF/m/n/10 D–netai h su-nàr-th-sh $\LS1/libertinust1math
/m/it/10 f \LS1/libertinust1math/m/n/10 :
 []


Underfull \hbox (badness 5652) in paragraph at lines 231--232
[]\LGR/LibertinusSerif-TLF/m/n/10 Na thn me-le-t†se-te wc
 []

[108]
Overfull \hbox (10.6642pt too wide) detected at line 256
[] \LS1/libertinust1math/m/n/10 = [].\LS1/libertinust1math/m/it/10 ^^Yx\LS1/lib
ertinust1math/m/n/10 /\LS1/libertinust1math/m/it/10 ;
 []


Underfull \hbox (badness 6428) in paragraph at lines 261--262
[]\LGR/LibertinusSerif-TLF/m/n/10 Na de-–xe-te Ïti an $\LS1/libertinust1math/m/
it/10 f; g \LS1/libertinust1math/m/n/10 :
 []

[109]
Underfull \hbox (badness 10000) in paragraph at lines 296--298
\LGR/LibertinusSerif-TLF/m/n/10 Ëqei tou-làqi-ston m–a
 []


Underfull \hbox (badness 8094) in paragraph at lines 301--303
\LGR/LibertinusSerif-TLF/m/n/10 Ëqei to po-l‘ tËs-se-ric
 []


Overfull \hbox (10.62819pt too wide) detected at line 307
[] \LS1/libertinust1math/m/it/10 < e[];
 []

[110]
Underfull \hbox (badness 7256) in paragraph at lines 353--354
[]\LGR/LibertinusSerif-TLF/m/n/10 Na gram-mo-ski-àse-te to
 []


Overfull \hbox (39.95657pt too wide) detected at line 357
[] [][] [] []\LS1/libertinust1math/m/it/10 :
 []


Underfull \hbox (badness 10000) in paragraph at lines 359--361
[]\LGR/LibertinusSerif-TLF/m/n/10 D–nontai oi su-nar-t†seic
 []


Underfull \hbox (badness 10000) in paragraph at lines 365--366
[]\LGR/LibertinusSerif-TLF/m/n/10 'Ena s∏ma ki-ne-–tai se eu-
 []

[111]
Underfull \hbox (badness 5147) in paragraph at lines 377--380
\LGR/LibertinusSerif-TLF/m/n/10 ta-làntw-shc, to $\LS1/libertinust1math/m/it/10
 !$ \LGR/LibertinusSerif-TLF/m/n/10 gw-nia-k†
 []


Underfull \hbox (badness 5817) in paragraph at lines 384--385
\LGR/LibertinusSerif-TLF/m/n/10 re-–te a-nàme-sa sta
 []


Underfull \hbox (badness 10000) in paragraph at lines 384--385
\LGR/LibertinusSerif-TLF/m/n/10 dia-gràm-ma-ta twn
 []


Underfull \hbox (badness 5817) in paragraph at lines 385--386
\LGR/LibertinusSerif-TLF/m/n/10 re-–te a-nàme-sa sta
 []


Underfull \hbox (badness 10000) in paragraph at lines 385--386
\LGR/LibertinusSerif-TLF/m/n/10 dia-gràm-ma-ta twn
 []


Underfull \hbox (badness 5817) in paragraph at lines 386--387
\LGR/LibertinusSerif-TLF/m/n/10 re-–te a-nàme-sa sta
 []


Underfull \hbox (badness 10000) in paragraph at lines 386--387
\LGR/LibertinusSerif-TLF/m/n/10 dia-gràm-ma-ta twn
 []


Underfull \hbox (badness 10000) in paragraph at lines 388--389
\LGR/LibertinusSerif-TLF/m/n/10 su-nàr-th-sh $\LS1/libertinust1math/m/it/10 f\L
S1/libertinust1math/m/n/10 .\LS1/libertinust1math/m/it/10 t\LS1/libertinust1mat
h/m/n/10 /$ \LGR/LibertinusSerif-TLF/m/n/10 pou
 []


Underfull \hbox (badness 6300) in paragraph at lines 405--406
[]\LGR/LibertinusSerif-TLF/m/n/10 an h $\LS1/libertinust1math/m/it/10 f$ \LGR/L
ibertinusSerif-TLF/m/n/10 e-–nai gnh-s–wc
 []

[112] [113]
Underfull \hbox (badness 7099) in paragraph at lines 439--440
\LS1/libertinust1math/m/n/10 ^0\LS1/libertinust1math/m/it/10 ; \LS1/libertinust
1math/m/n/10 ,1\LS1/libertinust1math/m/it/10 ; \LS1/libertinust1math/m/n/10 ,2\
LS1/libertinust1math/m/it/10 ; \LS1/libertinust1math/m/n/10 ,3\LS1/libertinust1
math/m/it/10 ; \LS1/libertinust1math/m/n/10 ß`$\LGR/LibertinusSerif-TLF/m/n/10 
), stouc
 []


Underfull \hbox (badness 10000) in paragraph at lines 454--455
[]\LGR/LibertinusSerif-TLF/m/n/10 PÏsec su-nar-t†seic $\LS1/libertinust1math/m/
it/10 f \LS1/libertinust1math/m/n/10 :
 []

[114]
Underfull \hbox (badness 8094) in paragraph at lines 477--478
\LGR/LibertinusSerif-TLF/m/n/10 Ëqei to po-l‘ tËs-se-ric
 []


Overfull \hbox (20.49829pt too wide) detected at line 507
\LS1/libertinust1math/m/it/10 f\LS1/libertinust1math/m/n/10 .\LS1/libertinust1m
ath/m/it/10 x\LS1/libertinust1math/m/n/10 / \LS1/libertinust1math/m/it/10 < f\L
S1/libertinust1math/m/n/10 .\LS1/libertinust1math/m/it/10 x \LS1/libertinust1ma
th/m/n/10 + 1/ \LS1/libertinust1math/m/it/10 < f\LS1/libertinust1math/m/n/10 .\
LS1/libertinust1math/m/it/10 x\LS1/libertinust1math/m/n/10 / + []\LS1/libertinu
st1math/m/it/10 ;
 []

[115]
Overfull \hbox (4.72525pt too wide) detected at line 517
\LS1/libertinust1math/m/it/10 f[]\LS1/libertinust1math/m/n/10 .\LS1/libertinust
1math/m/it/10 x\LS1/libertinust1math/m/n/10 / \LS2/libertinust1mathsym/m/n/10 x
 [] \LS1/libertinust1math/m/n/10 ≈\LS1/libertinust1math/m/it/10 x \LS1/libertin
ust1math/m/n/10 À \LS1/libertinust1mathbb/m/n/10 R\LS1/libertinust1math/m/it/10
 :
 []

[116]
Overfull \hbox (1.82649pt too wide) detected at line 558
\LS1/libertinust1math/m/it/10 f\LS1/libertinust1math/m/n/10 .\LS1/libertinust1m
ath/m/it/10 z[]\LS1/libertinust1math/m/n/10 / \LS1/libertinust1math/m/it/10 < ^
^Uf\LS1/libertinust1math/m/n/10 .\LS1/libertinust1math/m/it/10 x\LS1/libertinus
t1math/m/n/10 / + .1 * \LS1/libertinust1math/m/it/10 ^^U\LS1/libertinust1math/m
/n/10 /\LS1/libertinust1math/m/it/10 f\LS1/libertinust1math/m/n/10 .\LS1/libert
inust1math/m/it/10 y\LS1/libertinust1math/m/n/10 /\LS1/libertinust1math/m/it/10
 :
 []


Underfull \hbox (badness 8038) in paragraph at lines 573--574
\LGR/LibertinusSerif-TLF/m/n/10 e-–nai pa-ra-gw-g–si-mh se
 []


Underfull \hbox (badness 8038) in paragraph at lines 588--589
\LGR/LibertinusSerif-TLF/m/n/10 e-–nai pa-ra-gw-g–si-mh se
 []

[117]
Underfull \hbox (badness 8038) in paragraph at lines 599--600
\LGR/LibertinusSerif-TLF/m/n/10 e-–nai pa-ra-gw-g–si-mh se
 []

) [118] (./notes_differentiability_2026.lof
Overfull \hbox (4.62602pt too wide) in paragraph at lines 23--23
 [][] [][][]\LGR/LibertinusSerif-TLF/m/n/10 H a-ni-sÏth-tec pou qrh-si-mo-poi-†
sa-me gia thn e-‘re-sh thc $\LS1/libertinust1math/m/it/10 f[]\LS1/libertinust1m
ath/m/n/10 .0/ = 
 []

[119


])
\tf@lof=\write6
\openout6 = `notes_differentiability_2026.lof'.

 [120] (./notes_differentiability_2026.lot)
\tf@lot=\write7
\openout7 = `notes_differentiability_2026.lot'.

 [121

]
(./notes_differentiability_2026.aux)

LaTeX Font Warning: Some font shapes were not available, defaults substituted.

Package rerunfilecheck Info: File `notes_differentiability_2026.out' has not ch
anged.
(rerunfilecheck)             Checksum: 9A5BDF25EBA1E6C8548E96375658462B;16418.
 ) 
Here is how much of TeX's memory you used:
 44826 strings out of 476091
 879847 string characters out of 5794081
 1963330 words of memory out of 5000000
 63545 multiletter control sequences out of 15000+600000
 605386 words of font info for 167 fonts, out of 8000000 for 9000
 1141 hyphenation exceptions out of 8191
 96i,15n,470p,2060b,1786s stack positions out of 10000i,1000n,20000p,200000b,200000s
{/usr/share/texlive/texmf-dist/fonts/enc/dvips/libertinus-type1/lbts_hvvyjb.e
nc}{/usr/share/texlive/texmf-dist/fonts/enc/dvips/libertinus-type1/lbts_37i5h5.
enc}{/usr/share/texlive/texmf-dist/fonts/enc/dvips/libertinus-type1/lbts_ptnx64
.enc}{/usr/share/texlive/texmf-dist/fonts/enc/dvips/libertinus-type1/lbts_mfadf
l.enc}{/usr/share/texlive/texmf-dist/fonts/enc/dvips/libertinus-type1/lbts_rlkt
sf.enc}{/usr/share/texlive/texmf-dist/fonts/enc/dvips/libertinus-type1/lbts_7yc
lm6.enc}{/usr/share/texlive/texmf-dist/fonts/enc/dvips/libertinus-type1/lbts_sf
issr.enc}{/usr/share/texlive/texmf-dist/fonts/enc/dvips/libertinust1math/libusE
X.enc}{/usr/share/texlive/texmf-dist/fonts/enc/dvips/libertinust1math/libusSYM.
enc}{/usr/share/texlive/texmf-dist/fonts/enc/dvips/libertinust1math/libusBB.enc
}{/usr/share/texlive/texmf-dist/fonts/enc/dvips/libertinus-type1/lbts_tll2u3.en
c}{/usr/share/texlive/texmf-dist/fonts/enc/dvips/libertinus-type1/lbts_75t36g.e
nc}{/usr/share/texlive/texmf-dist/fonts/enc/dvips/libertinus-type1/lbts_4q6kep.
enc}{/usr/share/texlive/texmf-dist/fonts/enc/dvips/libertinust1math/libusMI.enc
}{/usr/share/texlive/texmf-dist/fonts/enc/dvips/libertinust1math/libusMR.enc}</
usr/share/texlive/texmf-dist/fonts/type1/public/libertinus-type1/LibertinusMono
-Regular.pfb></usr/share/texlive/texmf-dist/fonts/type1/public/libertinus-type1
/LibertinusSans-Bold.pfb></usr/share/texlive/texmf-dist/fonts/type1/public/libe
rtinus-type1/LibertinusSans-Italic.pfb></usr/share/texlive/texmf-dist/fonts/typ
e1/public/libertinus-type1/LibertinusSans-Regular.pfb></usr/share/texlive/texmf
-dist/fonts/type1/public/libertinus-type1/LibertinusSerif-Bold.pfb></usr/share/
texlive/texmf-dist/fonts/type1/public/libertinus-type1/LibertinusSerif-Italic.p
fb></usr/share/texlive/texmf-dist/fonts/type1/public/libertinus-type1/Libertinu
sSerif-Regular.pfb></usr/share/texlive/texmf-dist/fonts/type1/public/libertinus
t1math/LibertinusT1Math.pfb>
Output written on notes_differentiability_2026.pdf (121 pages, 1254581 bytes).
PDF statistics:
 1669 PDF objects out of 1728 (max. 8388607)
 1500 compressed objects within 15 object streams
 671 named destinations out of 1000 (max. 500000)
 461 words of extra memory for PDF output out of 10000 (max. 10000000)

